num,name,website,buildings
1,VESPER,https://www.cian.ru/zastroishchik-vesper-8731/,21 дом в 11 ЖК
2,Главстрой,https://www.cian.ru/zastroishchik-glavstroi-9456/,5 домов в 3 ЖК
3,Компания PIONEER,https://www.cian.ru/zastroishchik-kompaniia-pioneer-514/,85 домов в 17 ЖК
4,ANT Development,https://www.cian.ru/zastroishchik-ant-development-15235/,1 дом в 1 ЖК
5,Sminex,https://www.cian.ru/zastroishchik-sminex-586/,38 домов в 10 ЖК
6,Галс-Девелопмент,https://www.cian.ru/zastroishchik-gals-development-5590/,35 домов в 14 ЖК
7,UNIQ Development,https://www.cian.ru/zastroishchik-uniq-development-19119/,1 дом в 1 ЖК
8,"ООО ""СЗ ""Стадион ""Спартак""",https://www.cian.ru/zastroishchik-ooo-sz-stadion-spartak-8177/,7 домов в 2 ЖК
9,MR Group,https://www.cian.ru/zastroishchik-mr-group-6008/,141 дом в 30 ЖК
10,КОРТРОС,https://www.cian.ru/zastroishchik-kortros-7043/,103 дома в 19 ЖК
11,СТ Тауэрс,https://www.cian.ru/zastroishchik-st-tauers-9621/,2 дома в 1 ЖК
12,VOS’HOD,https://www.cian.ru/zastroishchik-voshod-16638/,1 дом в 1 ЖК
13,Dominanta,https://www.cian.ru/zastroishchik-dominanta-18640/,3 дома в 1 ЖК
14,Absolute Premium,https://www.cian.ru/zastroishchik-absolute-premium-17740/,12 домов в 1 ЖК
15,СЗ Третий Рим (Москва),https://www.cian.ru/zastroishchik-sz-tretii-rim-moskva-18787/,1 дом в 1 ЖК
16,Capital Group,https://www.cian.ru/zastroishchik-capital-group-7063/,76 домов в 36 ЖК
17,Мангазея,https://www.cian.ru/zastroishchik-mangazeia-9542/,28 домов в 5 ЖК
18,ГК Основа,https://www.cian.ru/zastroishchik-gk-osnova-11628/,32 дома в 11 ЖК
19,Regions Development,https://www.cian.ru/zastroishchik-regions-development-16631/,3 дома в 1 ЖК
20,Концерн КРОСТ,https://www.cian.ru/zastroishchik-kontsern-krost-6117/,84 дома в 18 ЖК
21,Среда,https://www.cian.ru/zastroishchik-sreda-18870/,12 домов в 2 ЖК
22,TEKTA GROUP,https://www.cian.ru/zastroishchik-tekta-group-7066/,45 домов в 13 ЖК
23,Hutton Development,https://www.cian.ru/zastroishchik-hutton-development-11087/,6 домов в 4 ЖК
24,ДОНСТРОЙ,https://www.cian.ru/zastroishchik-donstroi-6017/,136 домов в 46 ЖК
25,Колди (Coldy),https://www.cian.ru/zastroishchik-koldi-coldy-9596/,7 домов в 4 ЖК
26,СЗ Отрада Девелопмент,https://www.cian.ru/zastroishchik-sz-otrada-development-8616/,37 домов в 4 ЖК
27,ГК Сумма Элементов,https://www.cian.ru/zastroishchik-gk-summa-elementov-18037/,1 дом в 1 ЖК
28,Ташир,https://www.cian.ru/zastroishchik-tashir-7064/,24 дома в 15 ЖК
29,Level Group,https://www.cian.ru/zastroishchik-level-group-11623/,41 дом в 9 ЖК
30,Upside Development,https://www.cian.ru/zastroishchik-upside-development-14380/,6 домов в 4 ЖК
31,Sense Development,https://www.cian.ru/zastroishchik-sense-development-17238/,1 дом в 1 ЖК
32,FORMA,https://www.cian.ru/zastroishchik-forma-17071/,5 домов в 1 ЖК
33,TOUCH,https://www.cian.ru/zastroishchik-touch-17296/,10 домов в 5 ЖК
34,3SGroup,https://www.cian.ru/zastroishchik-3sgroup-14681/,15 домов в 5 ЖК
35,РГ-Девелопмент,https://www.cian.ru/zastroishchik-rg-development-8751/,42 дома в 9 ЖК
36,Трансстройинвест,https://www.cian.ru/zastroishchik-transstroiinvest-10251/,2 дома в 2 ЖК
37,Stenoy,https://www.cian.ru/zastroishchik-stenoy-17947/,3 дома в 2 ЖК
38,Группа Родина,https://www.cian.ru/zastroishchik-gruppa-rodina-15990/,9 домов в 1 ЖК
39,Группа ЛСР,https://www.cian.ru/zastroishchik-gruppa-lsr-7042/,181 дом в 9 ЖК
40,St Michael,https://www.cian.ru/zastroishchik-st-michael-10048/,3 дома в 1 ЖК
41,РКС Девелопмент,https://www.cian.ru/zastroishchik-rks-development-11916/,56 домов в 5 ЖК
42,ГК ФСК,https://www.cian.ru/zastroishchik-gk-fsk-5747/,197 домов в 37 ЖК
43,AFI Development,https://www.cian.ru/zastroishchik-afi-development-7046/,49 домов в 9 ЖК
44,СЗ СИЯНИЕ,https://www.cian.ru/zastroishchik-sz-siianie-19174/,1 дом в 1 ЖК
45,СЗ 5 ДОНСКОЙ,https://www.cian.ru/zastroishchik-sz-5-donskoi-18572/,1 дом в 1 ЖК
46,Группа Аквилон,https://www.cian.ru/zastroishchik-gruppa-akvilon-9591/,47 домов в 16 ЖК
47,ПРАЙМ ЛАЙФ,https://www.cian.ru/zastroishchik-praim-laif-17422/,3 дома в 1 ЖК
48,ГК Инград,https://www.cian.ru/zastroishchik-gk-ingrad-8732/,217 домов в 23 ЖК
49,LEGENDA Intelligent Development,https://www.cian.ru/zastroishchik-legenda-intelligent-development-8075/,32 дома в 9 ЖК
50,STONE,https://www.cian.ru/zastroishchik-stone-7229/,9 домов в 5 ЖК
51,1-й ДСК,https://www.cian.ru/zastroishchik-1-i-dsk-7877/,169 домов в 20 ЖК
52,DAR,https://www.cian.ru/zastroishchik-dar-19190/,4 дома в 1 ЖК
53,494 УНР,https://www.cian.ru/zastroishchik-494-unr-7903/,28 домов в 10 ЖК
54,Абсолют Недвижимость,https://www.cian.ru/zastroishchik-absoliut-nedvizhimost-5956/,188 домов в 6 ЖК
55,IKON Development,https://www.cian.ru/zastroishchik-ikon-development-8229/,11 домов в 2 ЖК
56,ГК Мега-Мечта,https://www.cian.ru/zastroishchik-gk-mega-mechta-9442/,12 домов в 1 ЖК
57,СЗ Инвест Груп,https://www.cian.ru/zastroishchik-sz-invest-grup-16096/,2 дома в 1 ЖК
58,СК ВЫБОР,https://www.cian.ru/zastroishchik-sk-vybor-10302/,128 домов в 25 ЖК
59,,https://www.cian.ru/zastroishchik-sz-spartak-15531/,1 дом в 1 ЖК
60,,https://www.cian.ru/zastroishchik-zhilstroi-17597/,7 домов в 1 ЖК
61,СЗ Риверхаус,https://www.cian.ru/zastroishchik-sz-riverkhaus-7730/,1 дом в 1 ЖК
62,ГРАД,https://www.cian.ru/zastroishchik-grad-8596/,52 дома в 6 ЖК
63,ГК Монолит,https://www.cian.ru/zastroishchik-gk-monolit-7632/,12 домов в 8 ЖК
64,Мегалит,https://www.cian.ru/zastroishchik-megalit-8167/,11 домов в 6 ЖК
65,РосЕвроСити,https://www.cian.ru/zastroishchik-rosevrositi-8563/,11 домов в 1 ЖК
66,ПСК НПО Машиностроения,https://www.cian.ru/zastroishchik-psk-npo-mashinostroeniia-9451/,7 домов в 3 ЖК
67,,https://www.cian.ru/zastroishchik-sz-averus-16436/,10 домов в 1 ЖК
68,Корпорация ВИТ,https://www.cian.ru/zastroishchik-korporatsiia-vit-1266/,12 домов в 3 ЖК
69,СИ ГК Остов,https://www.cian.ru/zastroishchik-si-gk-ostov-8398/,21 дом в 10 ЖК
70,ПИК,https://www.cian.ru/zastroishchik-pik-9/,1261 дом в 167 ЖК
71,DOGMA,https://www.cian.ru/zastroishchik-dogma-14483/,64 дома в 8 ЖК
72,Группа Самолет,https://www.cian.ru/zastroishchik-gruppa-samolet-6399/,470 домов в 46 ЖК
73,ГК Страна Девелопмент,https://www.cian.ru/zastroishchik-gk-strana-development-15029/,52 дома в 12 ЖК
74,Брусника,https://www.cian.ru/zastroishchik-brusnika-9912/,192 дома в 33 ЖК
75,ГК Развитие,https://www.cian.ru/zastroishchik-gk-razvitie-10404/,66 домов в 30 ЖК
76,ГК АльфаСтройИнвест,https://www.cian.ru/zastroishchik-gk-alfastroiinvest-9207/,33 дома в 12 ЖК
77,AVA,https://www.cian.ru/zastroishchik-ava-6490/,164 дома в 31 ЖК
78,А101,https://www.cian.ru/zastroishchik-a101-6381/,265 домов в 13 ЖК
79,ПРОФИ-ИНВЕСТ,https://www.cian.ru/zastroishchik-profi-invest-7235/,25 домов в 8 ЖК
80,GloraX,https://www.cian.ru/zastroishchik-glorax-9164/,27 домов в 13 ЖК
81,Группа Эталон,https://www.cian.ru/zastroishchik-gruppa-etalon-980/,201 дом в 54 ЖК
82,Сибпромстрой,https://www.cian.ru/zastroishchik-sibpromstroi-10937/,109 домов в 28 ЖК
83,Холдинг «РСТИ» (Росстройинвест),https://www.cian.ru/zastroishchik-kholding-rsti-rosstroiinvest-8136/,67 домов в 19 ЖК
84,ГК Гранель,https://www.cian.ru/zastroishchik-gk-granel-7056/,259 домов в 25 ЖК
85,ГК Расцветай,https://www.cian.ru/zastroishchik-gk-rastsvetai-13100/,46 домов в 21 ЖК
86,Ин-Групп (Тула),https://www.cian.ru/zastroishchik-in-grupp-tula-14247/,71 дом в 5 ЖК
87,Новые Ватутинки,https://www.cian.ru/zastroishchik-novye-vatutinki-15623/,41 дом в 2 ЖК
88,UDS,https://www.cian.ru/zastroishchik-uds-11882/,39 домов в 21 ЖК
89,ГК Новая Жизнь,https://www.cian.ru/zastroishchik-gk-novaia-zhizn-11218/,28 домов в 5 ЖК
90,Главстрой Регионы,https://www.cian.ru/zastroishchik-glavstroi-regiony-18462/,95 домов в 10 ЖК
91,Стройпромавтоматика,https://www.cian.ru/zastroishchik-stroipromavtomatika-7940/,15 домов в 9 ЖК
92,Seven Suns Development,https://www.cian.ru/zastroishchik-seven-suns-development-8589/,28 домов в 6 ЖК
93,СЗ ТРЕНД-ГРУПП,https://www.cian.ru/zastroishchik-sz-trend-grupp-18537/,5 домов в 1 ЖК
94,Тройка РЭД,https://www.cian.ru/zastroishchik-troika-red-8314/,56 домов в 12 ЖК
95,БЭЛ Девелопмент,https://www.cian.ru/zastroishchik-bel-development-8275/,5 домов в 4 ЖК
96,МонАрх,https://www.cian.ru/zastroishchik-monarkh-7052/,44 дома в 7 ЖК
97,Консоль,https://www.cian.ru/zastroishchik-konsol-11843/,15 домов в 7 ЖК
98,Sezar Group,https://www.cian.ru/zastroishchik-sezar-group-8577/,24 дома в 4 ЖК
99,Новое Летово,https://www.cian.ru/zastroishchik-novoe-letovo-18042/,3 дома в 1 ЖК
100,ГК СтройИнновация,https://www.cian.ru/zastroishchik-gk-stroiinnovatsiia-15047/,15 домов в 4 ЖК
101,ГК Юникей,https://www.cian.ru/zastroishchik-gk-iunikei-17528/,7 домов в 2 ЖК
102,СИТИ21,https://www.cian.ru/zastroishchik-siti21-515/,54 дома в 15 ЖК
103,Зеленый сад,https://www.cian.ru/zastroishchik-zelenyi-sad-11457/,22 дома в 15 ЖК
104,СЗ ГОРАКС,https://www.cian.ru/zastroishchik-sz-goraks-18893/,2 дома в 1 ЖК
105,ГРАНД,https://www.cian.ru/zastroishchik-grand-9786/,13 домов в 10 ЖК
106,СЗ ЖК ЯРКИЙ. РИГА,https://www.cian.ru/zastroishchik-sz-zhk-iarkii-riga-18281/,3 дома в 1 ЖК
107,RDI,https://www.cian.ru/zastroishchik-rdi-6114/,57 домов в 5 ЖК
108,Plus Development,https://www.cian.ru/zastroishchik-plus-development-18449/,2 дома в 1 ЖК
109,Квартал-Инвестстрой СЗ,https://www.cian.ru/zastroishchik-kvartal-investstroi-sz-15624/,6 домов в 1 ЖК
110,ГК Садовое кольцо,https://www.cian.ru/zastroishchik-gk-sadovoe-koltso-7802/,27 домов в 10 ЖК
111,ГК ТехноСтройОлимп,https://www.cian.ru/zastroishchik-gk-tekhnostroiolimp-7972/,29 домов в 4 ЖК
112,ASTERUS,https://www.cian.ru/zastroishchik-asterus-15417/,11 домов в 1 ЖК
113,СЗ КомфортИнвест,https://www.cian.ru/zastroishchik-sz-komfortinvest-15262/,11 домов в 1 ЖК
114,СЗ Отрада Вилладж,https://www.cian.ru/zastroishchik-sz-otrada-villadzh-19441/,7 домов в 1 ЖК
115,Вектор,https://www.cian.ru/zastroishchik-vektor-17667/,73 дома в 5 ЖК
116,ГК СУ-10,https://www.cian.ru/zastroishchik-gk-su-10-8966/,22 дома в 12 ЖК
117,РУГРУПП ДЕВЕЛОПМЕНТ,https://www.cian.ru/zastroishchik-rugrupp-development-18198/,1 дом в 1 ЖК
118,Р-Инвест,https://www.cian.ru/zastroishchik-r-invest-17745/,10 домов в 3 ЖК
119,Аеон Девелопмент,https://www.cian.ru/zastroishchik-aeon-development-16870/,18 домов в 2 ЖК
120,Фонд развития территорий,https://www.cian.ru/zastroishchik-fond-razvitiia-territorii-15720/,224 дома в 29 ЖК
121,ГК Некрасовка Девелопмент,https://www.cian.ru/zastroishchik-gk-nekrasovka-development-8181/,44 дома в 5 ЖК
122,ГК ИНВЕСТ-СТРОЙ,https://www.cian.ru/zastroishchik-gk-invest-stroi-8193/,16 домов в 3 ЖК
123,СЗ ТПУ Рассказовка,https://www.cian.ru/zastroishchik-sz-tpu-rasskazovka-14731/,4 дома в 1 ЖК
124,СЗ Гефест-Инвест,https://www.cian.ru/zastroishchik-sz-gefest-invest-7228/,22 дома в 5 ЖК
125,Ферро-Строй,https://www.cian.ru/zastroishchik-ferro-stroi-7991/,23 дома в 3 ЖК
126,СЗ СтартСК,https://www.cian.ru/zastroishchik-sz-startsk-18510/,3 дома в 1 ЖК
127,Центр-Инвест,https://www.cian.ru/zastroishchik-tsentr-invest-7671/,31 дом в 11 ЖК
128,СЗ Минские холмы,https://www.cian.ru/zastroishchik-sz-minskie-kholmy-15265/,3 дома в 1 ЖК
129,Ойкумена,https://www.cian.ru/zastroishchik-oikumena-2747/,38 домов в 12 ЖК
130,ДК Конструктор,https://www.cian.ru/zastroishchik-dk-konstruktor-7050/,73 дома в 3 ЖК
131,СЗ Галакс+,https://www.cian.ru/zastroishchik-sz-galaks-9950/,3 дома в 1 ЖК
132,Стройтэкс,https://www.cian.ru/zastroishchik-stroiteks-7835/,20 домов в 9 ЖК
133,Тверской ДСК,https://www.cian.ru/zastroishchik-tverskoi-dsk-8392/,61 дом в 9 ЖК
134,ПроГород (группа ВЭБ.РФ),https://www.cian.ru/zastroishchik-progorod-gruppa-veb-rf-16317/,3 дома в 1 ЖК
135,СЗ Универсаль,https://www.cian.ru/zastroishchik-sz-universal-16262/,1 дом в 1 ЖК
136,СЗ ЭСИ,https://www.cian.ru/zastroishchik-sz-esi-16784/,2 дома в 1 ЖК
137,Имена,https://www.cian.ru/zastroishchik-imena-18261/,1 дом в 1 ЖК
138,ОМ Девелопмент,https://www.cian.ru/zastroishchik-om-development-19230/,5 домов в 1 ЖК
139,Apsis Globe,https://www.cian.ru/zastroishchik-apsis-globe-10047/,2 дома в 1 ЖК
140,М1 Девелопмент,https://www.cian.ru/zastroishchik-m1-development-15208/,1 дом в 1 ЖК
141,Мосфундаментстрой-6,https://www.cian.ru/zastroishchik-mosfundamentstroi-6-7047/,14 домов в 5 ЖК
142,Корпорация «Кошелев»,https://www.cian.ru/zastroishchik-korporatsiia-koshelev-11392/,105 домов в 3 ЖК
143,Ю-Инвест,https://www.cian.ru/zastroishchik-iu-invest-17206/,11 домов в 1 ЖК
144,Optima Development,https://www.cian.ru/zastroishchik-optima-development-13083/,5 домов в 1 ЖК
145,АГРОСТРОЙ,https://www.cian.ru/zastroishchik-agrostroi-8565/,44 дома в 1 ЖК
146,СЗ Т-ОТЕЛЬ,https://www.cian.ru/zastroishchik-sz-t-otel-18731/,1 дом в 1 ЖК
147,Апрелевка С2,https://www.cian.ru/zastroishchik-aprelevka-s2-8745/,117 домов в 1 ЖК
148,Рублево-Архангельское,https://www.cian.ru/zastroishchik-rublevo-arkhangelskoe-17228/,2 дома в 1 ЖК
149,СЗ БАЛЧУГ ЭСТЕЙТ,https://www.cian.ru/zastroishchik-sz-balchug-esteit-19173/,4 дома в 1 ЖК
150,October Group,https://www.cian.ru/zastroishchik-october-group-17839/,3 дома в 2 ЖК
151,СЗ РКП,https://www.cian.ru/zastroishchik-sz-rkp-16371/,1 дом в 1 ЖК
152,СЗ Резиденция 15,https://www.cian.ru/zastroishchik-sz-rezidentsiia-15-17199/,3 дома в 1 ЖК
153,СЗ ТПУ Мичуринский проспект,https://www.cian.ru/zastroishchik-sz-tpu-michurinskii-prospekt-16387/,2 дома в 1 ЖК
154,ENGEO Development,https://www.cian.ru/zastroishchik-engeo-development-14236/,3 дома в 1 ЖК
155,AUTHOR DEVELOPMENT,https://www.cian.ru/zastroishchik-author-development-17549/,7 домов в 1 ЖК
156,Мегаполис Груп,https://www.cian.ru/zastroishchik-megapolis-grup-13097/,3 дома в 1 ЖК
157,AB Development,https://www.cian.ru/zastroishchik-ab-development-14336/,10 домов в 2 ЖК
158,ГК Sun Development,https://www.cian.ru/zastroishchik-gk-sun-development-12950/,6 домов в 4 ЖК
159,Трастком Девелопмент,https://www.cian.ru/zastroishchik-trastkom-development-15232/,1 дом в 1 ЖК
160,Авеста-Строй,https://www.cian.ru/zastroishchik-avesta-stroi-12074/,55 домов в 1 ЖК
161,Замитино,https://www.cian.ru/zastroishchik-zamitino-11896/,15 домов в 2 ЖК
162,ГК АМ Девелопмент,https://www.cian.ru/zastroishchik-gk-am-development-7711/,18 домов в 3 ЖК
163,СЗ Киноцентр,https://www.cian.ru/zastroishchik-sz-kinotsentr-15638/,4 дома в 1 ЖК
164,Арткласс Строй,https://www.cian.ru/zastroishchik-artklass-stroi-18479/,1 дом в 1 ЖК
165,СЗ ДЖИ ТРИ ИЛЬИНСКИЙ,https://www.cian.ru/zastroishchik-sz-dzhi-tri-ilinskii-18283/,2 дома в 1 ЖК
166,СЗ СК Ключ,https://www.cian.ru/zastroishchik-sz-sk-kliuch-16304/,3 дома в 1 ЖК
167,СЗ САС,https://www.cian.ru/zastroishchik-sz-sas-8468/,20 домов в 4 ЖК
168,СЗ КАНТРИ КЛАБ,https://www.cian.ru/zastroishchik-sz-kantri-klab-19364/,7 домов в 1 ЖК
169,СЗ Стройтехинвест,https://www.cian.ru/zastroishchik-sz-stroitekhinvest-8735/,5 домов в 3 ЖК
170,Бэсткон,https://www.cian.ru/zastroishchik-bestkon-6054/,76 домов в 17 ЖК
171,Балтийская Строительная Компания,https://www.cian.ru/zastroishchik-baltiiskaia-stroitelnaia-kompaniia-8647/,1 дом в 1 ЖК
172,СЗ Белстрой,https://www.cian.ru/zastroishchik-sz-belstroi-15233/,7 домов в 1 ЖК
173,Проксима-1,https://www.cian.ru/zastroishchik-proksima-1-7757/,3 дома в 1 ЖК
174,ГК Волжский Домостроительный Комбинат,https://www.cian.ru/zastroishchik-gk-volzhskii-domostroitelnyi-kombinat-14485/,7 домов в 5 ЖК
175,Стройспецмонтаж,https://www.cian.ru/zastroishchik-stroispetsmontazh-8821/,5 домов в 1 ЖК
176,СЗ Полёт,https://www.cian.ru/zastroishchik-sz-poliot-9441/,10 домов в 2 ЖК
177,СЗ Экран,https://www.cian.ru/zastroishchik-sz-ekran-16515/,10 домов в 1 ЖК
178,Автотех,https://www.cian.ru/zastroishchik-avtotekh-16731/,11 домов в 1 ЖК
179,ТК Алладин,https://www.cian.ru/zastroishchik-tk-alladin-16229/,1 дом в 1 ЖК
180,НеоСтрой,https://www.cian.ru/zastroishchik-neostroi-15256/,1 дом в 1 ЖК
181,Era One Holding,https://www.cian.ru/zastroishchik-era-one-holding-18137/,2 дома в 2 ЖК
182,Стрелецкая Слобода,https://www.cian.ru/zastroishchik-streletskaia-sloboda-11091/,3 дома в 2 ЖК
183,АО «ЖСИ»,https://www.cian.ru/zastroishchik-ao-zhsi-7598/,43 дома в 28 ЖК
184,SISDevelopment,https://www.cian.ru/zastroishchik-sisdevelopment-18274/,1 дом в 1 ЖК
185,РусСтройГруп,https://www.cian.ru/zastroishchik-russtroigrup-7825/,9 домов в 5 ЖК
186,ГК Патек Групп,https://www.cian.ru/zastroishchik-gk-patek-grupp-10880/,8 домов в 5 ЖК
187,Э.К. Девелопмент,https://www.cian.ru/zastroishchik-e-k-development-16039/,16 домов в 2 ЖК
188,Виртус-Р,https://www.cian.ru/zastroishchik-virtus-r-16012/,4 дома в 1 ЖК
189,НИИМосстрой,https://www.cian.ru/zastroishchik-niimosstroi-16563/,4 дома в 1 ЖК
190,Rosinka International Group,https://www.cian.ru/zastroishchik-rosinka-international-group-9715/,18 домов в 1 ЖК
191,,https://www.cian.ru/zastroishchik-edelveis-moskva-16249/,3 дома в 1 ЖК
192,,https://www.cian.ru/zastroishchik-sz-grand-18971/,1 дом в 1 ЖК
193,,https://www.cian.ru/zastroishchik-sz-lomonosov-development-17677/,3 дома в 1 ЖК
194,,https://www.cian.ru/zastroishchik-sz-novoe-vremia-khimki-18502/,4 дома в 2 ЖК
195,,https://www.cian.ru/zastroishchik-ooo-sz-delo-18904/,3 дома в 1 ЖК
196,,https://www.cian.ru/zastroishchik-ezks-17910/,1 дом в 1 ЖК
197,,https://www.cian.ru/zastroishchik-kontsept-immo-development-18730/,10 домов в 1 ЖК
198,,https://www.cian.ru/zastroishchik-sz-montazhstroi-19117/,9 домов в 1 ЖК
199,,https://www.cian.ru/zastroishchik-metrofond-development-18509/,1 дом в 1 ЖК
200,,https://www.cian.ru/zastroishchik-uk-setstroi-balashikha-17781/,2 дома в 1 ЖК
201,,https://www.cian.ru/zastroishchik-avrora-17811/,36 домов в 1 ЖК
202,,https://www.cian.ru/zastroishchik-sz-malakhovkainveststroi-18795/,1 дом в 1 ЖК
203,,https://www.cian.ru/zastroishchik-sz-marusino-19182/,2 дома в 1 ЖК
204,,https://www.cian.ru/zastroishchik-sz-tpu-elektrozavodskaia-17139/,3 дома в 1 ЖК
205,,https://www.cian.ru/zastroishchik-tpu-shelepikha-17168/,1 дом в 1 ЖК
206,,https://www.cian.ru/zastroishchik-sz-servisvertikal-17110/,2 дома в 1 ЖК
207,,https://www.cian.ru/zastroishchik-sz-vellbi-17680/,1 дом в 1 ЖК
208,,https://www.cian.ru/zastroishchik-sz-smu-29-17978/,1 дом в 1 ЖК
209,,https://www.cian.ru/zastroishchik-pioner-finans-17196/,2 дома в 1 ЖК
210,,https://www.cian.ru/zastroishchik-e-development-17130/,1 дом в 1 ЖК
211,,https://www.cian.ru/zastroishchik-sz-grad-plaza-19453/,3 дома в 1 ЖК
212,,https://www.cian.ru/zastroishchik-sz-magi-15724/,33 дома в 1 ЖК
213,,https://www.cian.ru/zastroishchik-sz-novyi-format-17607/,1 дом в 1 ЖК
214,YIT Санкт-Петербург,https://www.cian.ru/zastroishchik-yit-sankt-peterburg-8165/,58 домов в 21 ЖК
215,State Development,https://www.cian.ru/zastroishchik-state-development-8185/,1 дом в 1 ЖК
216,Строитель-плюс,https://www.cian.ru/zastroishchik-stroitel-plius-8188/,5 домов в 3 ЖК
217,Молния-М,https://www.cian.ru/zastroishchik-molniia-m-8190/,5 домов в 3 ЖК
218,Спецспортпроект,https://www.cian.ru/zastroishchik-spetssportproekt-14910/,5 домов в 1 ЖК
219,ГК Aspir,https://www.cian.ru/zastroishchik-gk-aspir-16714/,4 дома в 1 ЖК
220,Pragma Development,https://www.cian.ru/zastroishchik-pragma-development-5357/,4 дома в 1 ЖК
221,Первый строительный трест,https://www.cian.ru/zastroishchik-pervyi-stroitelnyi-trest-2826/,5 домов в 2 ЖК
222,Парк-Сервис,https://www.cian.ru/zastroishchik-park-servis-9413/,3 дома в 1 ЖК
223,КапиталТраст Девелопмент,https://www.cian.ru/zastroishchik-kapitaltrast-development-9622/,1 дом в 1 ЖК
224,ГК Крон-М,https://www.cian.ru/zastroishchik-gk-kron-m-9656/,2 дома в 2 ЖК
225,СЗ Казачий торговый дом,https://www.cian.ru/zastroishchik-sz-kazachii-torgovyi-dom-9657/,2 дома в 2 ЖК
226,СпецВысотСтрой,https://www.cian.ru/zastroishchik-spetsvysotstroi-9532/,12 домов в 1 ЖК
227,STRABAG,https://www.cian.ru/zastroishchik-strabag-9536/,3 дома в 3 ЖК
228,ОстИнвестСтрой,https://www.cian.ru/zastroishchik-ostinveststroi-9537/,2 дома в 2 ЖК
229,ЕВРОСИБСПЕЦСТРОЙ,https://www.cian.ru/zastroishchik-evrosibspetsstroi-7594/,3 дома в 3 ЖК
230,Гиза XXI век,https://www.cian.ru/zastroishchik-giza-xxi-vek-9696/,2 дома в 2 ЖК
231,Vesta Development,https://www.cian.ru/zastroishchik-vesta-development-14474/,1 дом в 1 ЖК
232,Строй Вест,https://www.cian.ru/zastroishchik-stroi-vest-8194/,4 дома в 1 ЖК
233,УС-200,https://www.cian.ru/zastroishchik-us-200-9403/,1 дом в 1 ЖК
234,СТРОЙ-ЭКСПЕРТ,https://www.cian.ru/zastroishchik-stroi-ekspert-9409/,3 дома в 1 ЖК
235,Промстройбетон,https://www.cian.ru/zastroishchik-promstroibeton-9411/,11 домов в 2 ЖК
236,СЗ Партнерство,https://www.cian.ru/zastroishchik-sz-partnerstvo-9412/,6 домов в 1 ЖК
237,Pragma Development,https://www.cian.ru/zastroishchik-pragma-development-5357/,4 дома в 1 ЖК
238,Первый строительный трест,https://www.cian.ru/zastroishchik-pervyi-stroitelnyi-trest-2826/,5 домов в 2 ЖК
239,Парк-Сервис,https://www.cian.ru/zastroishchik-park-servis-9413/,3 дома в 1 ЖК
240,Экономтрансстрой,https://www.cian.ru/zastroishchik-ekonomtransstroi-8047/,1 дом в 1 ЖК
241,LandLogic,https://www.cian.ru/zastroishchik-landlogic-9170/,2 дома в 1 ЖК
242,ПЦЭСТ,https://www.cian.ru/zastroishchik-ptsest-14663/,1 дом в 1 ЖК
243,Уфимская строительная компания,https://www.cian.ru/zastroishchik-ufimskaia-stroitelnaia-kompaniia-9623/,1 дом в 1 ЖК
244,Воскресенский домостроительный комбинат,https://www.cian.ru/zastroishchik-voskresenskii-domostroitelnyi-kombinat-7178/,14 домов в 9 ЖК
245,Белая Дача,https://www.cian.ru/zastroishchik-belaia-dacha-8535/,9 домов в 1 ЖК
246,Галактик М,https://www.cian.ru/zastroishchik-galaktik-m-8545/,1 дом в 1 ЖК
247,ИНТЕКО,https://www.cian.ru/zastroishchik-inteko-7044/,117 домов в 21 ЖК
248,ГРАС,https://www.cian.ru/zastroishchik-gras-7054/,5 домов в 4 ЖК
249,РАСТ,https://www.cian.ru/zastroishchik-rast-7055/,29 домов в 1 ЖК
250,Даверна,https://www.cian.ru/zastroishchik-daverna-9438/,2 дома в 1 ЖК
251,Дмитровские горизонты,https://www.cian.ru/zastroishchik-dmitrovskie-gorizonty-9439/,7 домов в 1 ЖК
252,Мособлинтерстрой,https://www.cian.ru/zastroishchik-mosoblinterstroi-9444/,10 домов в 1 ЖК
253,Микрорайон Кантри,https://www.cian.ru/zastroishchik-mikroraion-kantri-8446/,46 домов в 1 ЖК
254,АВС Инвест,https://www.cian.ru/zastroishchik-avs-invest-8449/,1 дом в 1 ЖК
255,Русский стиль,https://www.cian.ru/zastroishchik-russkii-stil-1085/,1 дом в 1 ЖК
256,Интер Союз,https://www.cian.ru/zastroishchik-inter-soiuz-177/,1 дом в 1 ЖК
257,БронИнвестСтрой,https://www.cian.ru/zastroishchik-broninveststroi-9415/,1 дом в 1 ЖК
258,ВЕЯ Строй,https://www.cian.ru/zastroishchik-veia-stroi-9416/,6 домов в 3 ЖК
259,Гавань,https://www.cian.ru/zastroishchik-gavan-9417/,16 домов в 1 ЖК
260,Glincom,https://www.cian.ru/zastroishchik-glincom-8233/,6 домов в 6 ЖК
261,ЖСК Сходня,https://www.cian.ru/zastroishchik-zhsk-skhodnia-9779/,4 дома в 2 ЖК
262,Римэка,https://www.cian.ru/zastroishchik-rimeka-9782/,7 домов в 1 ЖК
263,Заречье-девелопмент,https://www.cian.ru/zastroishchik-zareche-development-9783/,6 домов в 1 ЖК
264,ГК Фобос,https://www.cian.ru/zastroishchik-gk-fobos-9785/,3 дома в 2 ЖК
265,ОЗ РТИ,https://www.cian.ru/zastroishchik-oz-rti-9787/,1 дом в 1 ЖК
266,Квартал Гальчино,https://www.cian.ru/zastroishchik-kvartal-galchino-9437/,4 дома в 1 ЖК
267,Даверна,https://www.cian.ru/zastroishchik-daverna-9438/,2 дома в 1 ЖК
268,Дмитровские горизонты,https://www.cian.ru/zastroishchik-dmitrovskie-gorizonty-9439/,7 домов в 1 ЖК
269,Мособлинтерстрой,https://www.cian.ru/zastroishchik-mosoblinterstroi-9444/,10 домов в 1 ЖК
270,ОстИнвестСтрой,https://www.cian.ru/zastroishchik-ostinveststroi-9537/,2 дома в 2 ЖК
271,ЕВРОСИБСПЕЦСТРОЙ,https://www.cian.ru/zastroishchik-evrosibspetsstroi-7594/,3 дома в 3 ЖК
272,Жилинвест ХХI,https://www.cian.ru/zastroishchik-zhilinvest-khkhi-7599/,7 домов в 4 ЖК
273,Жилсоцстрой,https://www.cian.ru/zastroishchik-zhilsotsstroi-7609/,4 дома в 2 ЖК
274,Совхоз имени Ленина,https://www.cian.ru/zastroishchik-sovkhoz-imeni-lenina-7611/,8 домов в 8 ЖК
275,Инвестпромстрой XXI,https://www.cian.ru/zastroishchik-investpromstroi-xxi-7612/,3 дома в 1 ЖК
276,ИнвестСтройДом,https://www.cian.ru/zastroishchik-investstroidom-7615/,1 дом в 1 ЖК
277,ИнвестСтройРегион,https://www.cian.ru/zastroishchik-investstroiregion-7616/,3 дома в 1 ЖК
278,Главмосстрой-недвижимость,https://www.cian.ru/zastroishchik-glavmosstroi-nedvizhimost-6093/,19 домов в 7 ЖК
279,Rose Group,https://www.cian.ru/zastroishchik-rose-group-6111/,6 домов в 6 ЖК
280,LandLogic,https://www.cian.ru/zastroishchik-landlogic-9170/,2 дома в 1 ЖК
281,ГК Центр,https://www.cian.ru/zastroishchik-gk-tsentr-14397/,1 дом в 1 ЖК
282,Мастерстрой (Зеленоград),https://www.cian.ru/zastroishchik-masterstroi-zelenograd-10338/,1 дом в 1 ЖК
283,PriorEstate,https://www.cian.ru/zastroishchik-priorestate-14532/,1 дом в 1 ЖК
284,Систеп,https://www.cian.ru/zastroishchik-sistep-14538/,2 дома в 1 ЖК
285,Инвест Проект МСК,https://www.cian.ru/zastroishchik-invest-proekt-msk-9861/,5 домов в 1 ЖК
286,Twe Sawatzky Group,https://www.cian.ru/zastroishchik-twe-sawatzky-group-9865/,2 дома в 1 ЖК
287,Группа ВТБ,https://www.cian.ru/zastroishchik-gruppa-vtb-10527/,1 дом в 1 ЖК
288,СПКапстрой,https://www.cian.ru/zastroishchik-spkapstroi-10072/,1 дом в 1 ЖК
289,ИСК Арсенал-Холдинг,https://www.cian.ru/zastroishchik-isk-arsenal-kholding-8909/,2 дома в 1 ЖК
290,SDI Group,https://www.cian.ru/zastroishchik-sdi-group-8729/,4 дома в 1 ЖК
291,DEKRA,https://www.cian.ru/zastroishchik-dekra-8730/,3 дома в 3 ЖК
292,ОблИнвестСтрой,https://www.cian.ru/zastroishchik-oblinveststroi-2295/,6 домов в 1 ЖК
293,Новая Опалиха,https://www.cian.ru/zastroishchik-novaia-opalikha-9624/,7 домов в 1 ЖК
294,Позитив-СК,https://www.cian.ru/zastroishchik-pozitiv-sk-9625/,1 дом в 1 ЖК
295,Стройанализ,https://www.cian.ru/zastroishchik-stroianaliz-9626/,1 дом в 1 ЖК
296,АльфаБест-Пушкино,https://www.cian.ru/zastroishchik-alfabest-pushkino-9627/,2 дома в 2 ЖК
297,Строительный альянс,https://www.cian.ru/zastroishchik-stroitelnyi-alians-1506/,8 домов в 1 ЖК
298,Ривалд-2000,https://www.cian.ru/zastroishchik-rivald-2000-8549/,1 дом в 1 ЖК
299,Пробизнес-Девелопмент,https://www.cian.ru/zastroishchik-probiznes-development-8550/,5 домов в 2 ЖК
300,ТМ-СтройПром,https://www.cian.ru/zastroishchik-tm-stroiprom-8554/,4 дома в 1 ЖК
301,Contact Real Estate,https://www.cian.ru/zastroishchik-contact-real-estate-1018/,1 дом в 1 ЖК
302,KR Properties,https://www.cian.ru/zastroishchik-kr-properties-5293/,17 домов в 10 ЖК
303,ГК САПСАН,https://www.cian.ru/zastroishchik-gk-sapsan-1360/,8 домов в 1 ЖК
304,Горизонт Девелопмент,https://www.cian.ru/zastroishchik-gorizont-development-1361/,7 домов в 3 ЖК
305,Газнистрой,https://www.cian.ru/zastroishchik-gaznistroi-1975/,5 домов в 2 ЖК
306,СЗ НОВЫЙ ГОРОД,https://www.cian.ru/zastroishchik-sz-novyi-gorod-19405/,1 дом в 1 ЖК
307,СК Межрегионстрой,https://www.cian.ru/zastroishchik-sk-mezhregionstroi-17951/,1 дом в 1 ЖК
308,Софрино,https://www.cian.ru/zastroishchik-sofrino-9798/,3 дома в 1 ЖК
309,Проминдустрия АГ,https://www.cian.ru/zastroishchik-promindustriia-ag-8370/,12 домов в 3 ЖК
310,Galaxy Group,https://www.cian.ru/zastroishchik-galaxy-group-3542/,5 домов в 2 ЖК
311,ИК-Реал-Строй,https://www.cian.ru/zastroishchik-ik-real-stroi-4083/,5 домов в 2 ЖК
312,Сбербанк Капитал,https://www.cian.ru/zastroishchik-sberbank-kapital-12801/,1 дом в 1 ЖК
313,Новые Черемушки,https://www.cian.ru/zastroishchik-novye-cheremushki-12819/,5 домов в 2 ЖК
314,Urban Group,https://www.cian.ru/zastroishchik-urban-group-2701/,27 домов в 4 ЖК
315,Монолит (Люберцы),https://www.cian.ru/zastroishchik-monolit-liubertsy-9877/,3 дома в 1 ЖК
316,УКРРОСМЕТАЛЛ,https://www.cian.ru/zastroishchik-ukrrosmetall-9375/,1 дом в 1 ЖК
317,ГлавРусСтрой-Инвест,https://www.cian.ru/zastroishchik-glavrusstroi-invest-1708/,6 домов в 5 ЖК
318,Среднерусская Строительная Компания,https://www.cian.ru/zastroishchik-srednerusskaia-stroitelnaia-kompaniia-2777/,3 дома в 3 ЖК
319,ЭкостройСистема,https://www.cian.ru/zastroishchik-ekostroisistema-921/,2 дома в 2 ЖК
320,ИНТЕКО,https://www.cian.ru/zastroishchik-inteko-7044/,117 домов в 21 ЖК
321,ГРАС,https://www.cian.ru/zastroishchik-gras-7054/,5 домов в 4 ЖК
322,РАСТ,https://www.cian.ru/zastroishchik-rast-7055/,29 домов в 1 ЖК
323,Веста-СФ,https://www.cian.ru/zastroishchik-vesta-sf-7057/,18 домов в 9 ЖК
324,Центрстрой,https://www.cian.ru/zastroishchik-tsentrstroi-7060/,39 домов в 14 ЖК
325,Рузский Торговый Дом,https://www.cian.ru/zastroishchik-ruzskii-torgovyi-dom-7061/,1 дом в 1 ЖК
326,MOS CITY GROUP,https://www.cian.ru/zastroishchik-mos-city-group-7062/,2 дома в 2 ЖК
327,Долгопрудненская строительная компания,https://www.cian.ru/zastroishchik-dolgoprudnenskaia-stroitelnaia-kompaniia-7065/,30 домов в 3 ЖК
328,МосСтрой,https://www.cian.ru/zastroishchik-mosstroi-14243/,1 дом в 1 ЖК
329,Февраль,https://www.cian.ru/zastroishchik-fevral-16360/,1 дом в 1 ЖК
330,Хант-Холдинг,https://www.cian.ru/zastroishchik-khant-kholding-8523/,6 домов в 2 ЖК
331,АСН-ИНВЕСТ,https://www.cian.ru/zastroishchik-asn-invest-8525/,2 дома в 2 ЖК
332,ЖСК Журналист-3,https://www.cian.ru/zastroishchik-zhsk-zhurnalist-3-10088/,1 дом в 1 ЖК
333,Larus capital,https://www.cian.ru/zastroishchik-larus-capital-9379/,2 дома в 2 ЖК
334,Гранд Сити,https://www.cian.ru/zastroishchik-grand-siti-16306/,1 дом в 1 ЖК
335,Северная строительная компания,https://www.cian.ru/zastroishchik-severnaia-stroitelnaia-kompaniia-9882/,1 дом в 1 ЖК
336,Организация Строительного Производства,https://www.cian.ru/zastroishchik-organizatsiia-stroitelnogo-proizvodstva-9884/,1 дом в 1 ЖК
337,Новый мир,https://www.cian.ru/zastroishchik-novyi-mir-9571/,1 дом в 1 ЖК
338,Юникэпитал Инвест,https://www.cian.ru/zastroishchik-iunikepital-invest-9575/,1 дом в 1 ЖК
339,ФД Групп,https://www.cian.ru/zastroishchik-fd-grupp-9572/,1 дом в 1 ЖК
340,Лиедел Инвестментс Лимитед,https://www.cian.ru/zastroishchik-liedel-investments-limited-9574/,1 дом в 1 ЖК
341,Рубин Риэлти,https://www.cian.ru/zastroishchik-rubin-rielti-9576/,1 дом в 1 ЖК
342,ГК Инвестиционный Союз,https://www.cian.ru/zastroishchik-gk-investitsionnyi-soiuz-9577/,1 дом в 1 ЖК
343,ФЦСР,https://www.cian.ru/zastroishchik-ftssr-9578/,6 домов в 3 ЖК
344,ХИМКИНСКОЕ СМУ МОИС-1,https://www.cian.ru/zastroishchik-khimkinskoe-smu-mois-1-8015/,22 дома в 12 ЖК
345,Управление Экспериментальной Застройки микрорайонов,https://www.cian.ru/zastroishchik-upravlenie-eksperimentalnoi-zastroiki-mikroraionov-14327/,3 дома в 1 ЖК
346,Новая Усадьба,https://www.cian.ru/zastroishchik-novaia-usadba-9918/,30 домов в 1 ЖК
347,СЗ Виктория Девелопмент,https://www.cian.ru/zastroishchik-sz-viktoriia-development-9922/,5 домов в 1 ЖК
348,Соцпромстрой,https://www.cian.ru/zastroishchik-sotspromstroi-7912/,3 дома в 2 ЖК
349,Жилстройдизайн,https://www.cian.ru/zastroishchik-zhilstroidizain-9910/,1 дом в 1 ЖК
350,НИСКОМ,https://www.cian.ru/zastroishchik-niskom-3840/,5 домов в 3 ЖК
351,Воскресенский домостроительный комбинат,https://www.cian.ru/zastroishchik-voskresenskii-domostroitelnyi-kombinat-7178/,14 домов в 9 ЖК
352,Белая Дача,https://www.cian.ru/zastroishchik-belaia-dacha-8535/,9 домов в 1 ЖК
353,Галактик М,https://www.cian.ru/zastroishchik-galaktik-m-8545/,1 дом в 1 ЖК
354,ИНТЕКО,https://www.cian.ru/zastroishchik-inteko-7044/,117 домов в 21 ЖК
355,ГРАС,https://www.cian.ru/zastroishchik-gras-7054/,5 домов в 4 ЖК
356,РАСТ,https://www.cian.ru/zastroishchik-rast-7055/,29 домов в 1 ЖК
357,Веста-СФ,https://www.cian.ru/zastroishchik-vesta-sf-7057/,18 домов в 9 ЖК
358,Центрстрой,https://www.cian.ru/zastroishchik-tsentrstroi-7060/,39 домов в 14 ЖК
359,Рузский Торговый Дом,https://www.cian.ru/zastroishchik-ruzskii-torgovyi-dom-7061/,1 дом в 1 ЖК
360,ЖСК Журналист-3,https://www.cian.ru/zastroishchik-zhsk-zhurnalist-3-10088/,1 дом в 1 ЖК
361,СК Скопа,https://www.cian.ru/zastroishchik-sk-skopa-7864/,23 дома в 14 ЖК
362,ЮАССТРОЙ,https://www.cian.ru/zastroishchik-iuasstroi-8376/,6 домов в 4 ЖК
363,ТОРОС,https://www.cian.ru/zastroishchik-toros-1724/,1 дом в 1 ЖК
364,УКС,https://www.cian.ru/zastroishchik-uks-10058/,1 дом в 1 ЖК
365,ЦНИИМЭ,https://www.cian.ru/zastroishchik-tsniime-8041/,2 дома в 1 ЖК
366,Ванаг,https://www.cian.ru/zastroishchik-vanag-7155/,3 дома в 1 ЖК
367,Векастрой,https://www.cian.ru/zastroishchik-vekastroi-7157/,5 домов в 1 ЖК
368,Larus capital,https://www.cian.ru/zastroishchik-larus-capital-9379/,2 дома в 2 ЖК
369,Гранд Сити,https://www.cian.ru/zastroishchik-grand-siti-16306/,1 дом в 1 ЖК
370,VR-development,https://www.cian.ru/zastroishchik-vr-development-7203/,2 дома в 2 ЖК
371,ФСК Газстройинвест XXI век,https://www.cian.ru/zastroishchik-fsk-gazstroiinvest-xxi-vek-7214/,4 дома в 2 ЖК
372,Геоком,https://www.cian.ru/zastroishchik-geokom-7216/,2 дома в 1 ЖК
373,Консалтинговая Компания Подмосковье,https://www.cian.ru/zastroishchik-konsaltingovaia-kompaniia-podmoskove-3302/,8 домов в 2 ЖК
374,Forum Properties,https://www.cian.ru/zastroishchik-forum-properties-8702/,2 дома в 1 ЖК
375,Флагман,https://www.cian.ru/zastroishchik-flagman-8854/,10 домов в 2 ЖК
376,Rossmils,https://www.cian.ru/zastroishchik-rossmils-7946/,2 дома в 1 ЖК
377,ГК Стройсоюз,https://www.cian.ru/zastroishchik-gk-stroisoiuz-7947/,13 домов в 5 ЖК
378,Ziggurat,https://www.cian.ru/zastroishchik-ziggurat-17200/,1 дом в 1 ЖК
379,Концерн РУСИЧ,https://www.cian.ru/zastroishchik-kontsern-rusich-10052/,10 домов в 1 ЖК
380,САБ-УРБАН,https://www.cian.ru/zastroishchik-sab-urban-5910/,23 дома в 1 ЖК
381,R4S GROUP,https://www.cian.ru/zastroishchik-r4s-group-17402/,2 дома в 2 ЖК
382,РП Проект,https://www.cian.ru/zastroishchik-rp-proekt-17405/,1 дом в 1 ЖК
383,Е-Инвест,https://www.cian.ru/zastroishchik-e-invest-9579/,4 дома в 1 ЖК
384,Guron,https://www.cian.ru/zastroishchik-guron-9581/,1 дом в 1 ЖК
385,СК Империя (Москва),https://www.cian.ru/zastroishchik-sk-imperiia-moskva-9583/,4 дома в 1 ЖК
386,Стройбетон,https://www.cian.ru/zastroishchik-stroibeton-9584/,3 дома в 1 ЖК
387,ГСИ,https://www.cian.ru/zastroishchik-gsi-9603/,1 дом в 1 ЖК
388,Бемако Групп,https://www.cian.ru/zastroishchik-bemako-grupp-9602/,3 дома в 1 ЖК
389,Рузские земли,https://www.cian.ru/zastroishchik-ruzskie-zemli-9892/,2 дома в 1 ЖК
390,Группа ПСН,https://www.cian.ru/zastroishchik-gruppa-psn-8575/,23 дома в 3 ЖК
391,БИГ Девелопмент,https://www.cian.ru/zastroishchik-big-development-8583/,2 дома в 1 ЖК
392,АЛВЕК,https://www.cian.ru/zastroishchik-alvek-8591/,1 дом в 1 ЖК
393,Д-Инвест,https://www.cian.ru/zastroishchik-d-invest-8586/,6 домов в 1 ЖК
394,УЭС Стройпрогресс,https://www.cian.ru/zastroishchik-ues-stroiprogress-14572/,3 дома в 1 ЖК
395,Факт,https://www.cian.ru/zastroishchik-fakt-14665/,4 дома в 1 ЖК
396,Руцог Инвест,https://www.cian.ru/zastroishchik-rutsog-invest-9563/,1 дом в 1 ЖК
397,TWEED PARK,https://www.cian.ru/zastroishchik-tweed-park-9564/,1 дом в 1 ЖК
398,Капитал Инвест групп,https://www.cian.ru/zastroishchik-kapital-invest-grupp-9565/,1 дом в 1 ЖК
399,ГК Терра Аури,https://www.cian.ru/zastroishchik-gk-terra-auri-9567/,1 дом в 1 ЖК
400,Соцпромстрой,https://www.cian.ru/zastroishchik-sotspromstroi-7912/,3 дома в 2 ЖК
401,ЖСК Роговский,https://www.cian.ru/zastroishchik-zhsk-rogovskii-14916/,2 дома в 1 ЖК
402,В.Девелопмент,https://www.cian.ru/zastroishchik-v-development-16880/,3 дома в 1 ЖК
403,Актив-Центр,https://www.cian.ru/zastroishchik-aktiv-tsentr-16124/,1 дом в 1 ЖК
404,Миханики Русия,https://www.cian.ru/zastroishchik-mikhaniki-rusiia-15007/,1 дом в 1 ЖК
405,VESNA Development,https://www.cian.ru/zastroishchik-vesna-development-9566/,1 дом в 1 ЖК
406,GriffIn Partners,https://www.cian.ru/zastroishchik-griffin-partners-10060/,1 дом в 1 ЖК
407,Лоджик-Риэлти,https://www.cian.ru/zastroishchik-lodzhik-rielti-14544/,1 дом в 1 ЖК
408,Строитель (Москва),https://www.cian.ru/zastroishchik-stroitel-moskva-10042/,1 дом в 1 ЖК
409,Моспроект,https://www.cian.ru/zastroishchik-mosproekt-14332/,1 дом в 1 ЖК
410,Лоджик-Риэлти,https://www.cian.ru/zastroishchik-lodzhik-rielti-14544/,1 дом в 1 ЖК
411,Строитель (Москва),https://www.cian.ru/zastroishchik-stroitel-moskva-10042/,1 дом в 1 ЖК
412,ХИМКИНСКОЕ СМУ МОИС-1,https://www.cian.ru/zastroishchik-khimkinskoe-smu-mois-1-8015/,22 дома в 12 ЖК
413,Управление Экспериментальной Застройки микрорайонов,https://www.cian.ru/zastroishchik-upravlenie-eksperimentalnoi-zastroiki-mikroraionov-14327/,3 дома в 1 ЖК
414,Новая Усадьба,https://www.cian.ru/zastroishchik-novaia-usadba-9918/,30 домов в 1 ЖК
415,СЗ Виктория Девелопмент,https://www.cian.ru/zastroishchik-sz-viktoriia-development-9922/,5 домов в 1 ЖК
416,Соцпромстрой,https://www.cian.ru/zastroishchik-sotspromstroi-7912/,3 дома в 2 ЖК
417,Жилстройдизайн,https://www.cian.ru/zastroishchik-zhilstroidizain-9910/,1 дом в 1 ЖК
418,Старкт,https://www.cian.ru/zastroishchik-starkt-7921/,33 дома в 4 ЖК
419,КМ Девелопмент,https://www.cian.ru/zastroishchik-km-development-14582/,3 дома в 3 ЖК
420,ЮАССТРОЙ,https://www.cian.ru/zastroishchik-iuasstroi-8376/,6 домов в 4 ЖК
421,ТОРОС,https://www.cian.ru/zastroishchik-toros-1724/,1 дом в 1 ЖК
422,УКС,https://www.cian.ru/zastroishchik-uks-10058/,1 дом в 1 ЖК
423,ЦНИИМЭ,https://www.cian.ru/zastroishchik-tsniime-8041/,2 дома в 1 ЖК
424,Ванаг,https://www.cian.ru/zastroishchik-vanag-7155/,3 дома в 1 ЖК
425,Векастрой,https://www.cian.ru/zastroishchik-vekastroi-7157/,5 домов в 1 ЖК
426,VR-development,https://www.cian.ru/zastroishchik-vr-development-7203/,2 дома в 2 ЖК
427,ФСК Газстройинвест XXI век,https://www.cian.ru/zastroishchik-fsk-gazstroiinvest-xxi-vek-7214/,4 дома в 2 ЖК
428,Геоком,https://www.cian.ru/zastroishchik-geokom-7216/,2 дома в 1 ЖК
429,Консалтинговая Компания Подмосковье,https://www.cian.ru/zastroishchik-konsaltingovaia-kompaniia-podmoskove-3302/,8 домов в 2 ЖК
430,Стройсервис,https://www.cian.ru/zastroishchik-stroiservis-7804/,5 домов в 3 ЖК
431,ПАО ИЭ ЖКХ,https://www.cian.ru/zastroishchik-pao-ie-zhkkh-12797/,1 дом в 1 ЖК
432,Ведис Групп,https://www.cian.ru/zastroishchik-vedis-grupp-2177/,39 домов в 9 ЖК
433,Инвестэнергострой,https://www.cian.ru/zastroishchik-investenergostroi-9243/,4 дома в 1 ЖК
434,Мытищинская Строительная Компания,https://www.cian.ru/zastroishchik-mytishchinskaia-stroitelnaia-kompaniia-9244/,3 дома в 1 ЖК
435,ВАШ ВЫБОР,https://www.cian.ru/zastroishchik-vash-vybor-8391/,2 дома в 1 ЖК
436,Держава-Стройинвест,https://www.cian.ru/zastroishchik-derzhava-stroiinvest-8416/,2 дома в 1 ЖК
437,ТомСтрой,https://www.cian.ru/zastroishchik-tomstroi-7974/,2 дома в 1 ЖК
438,ТрейдИнвестГрупп,https://www.cian.ru/zastroishchik-treidinvestgrupp-7976/,4 дома в 1 ЖК
439,Трест Гидромонтаж,https://www.cian.ru/zastroishchik-trest-gidromontazh-7978/,7 домов в 2 ЖК
440,Лиедел Инвестментс Лимитед,https://www.cian.ru/zastroishchik-liedel-investments-limited-9574/,1 дом в 1 ЖК
441,Рубин Риэлти,https://www.cian.ru/zastroishchik-rubin-rielti-9576/,1 дом в 1 ЖК
442,ГК Инвестиционный Союз,https://www.cian.ru/zastroishchik-gk-investitsionnyi-soiuz-9577/,1 дом в 1 ЖК
443,ФЦСР,https://www.cian.ru/zastroishchik-ftssr-9578/,6 домов в 3 ЖК
444,Управление Экспериментальной Застройки микрорайонов,https://www.cian.ru/zastroishchik-upravlenie-eksperimentalnoi-zastroiki-mikroraionov-14327/,3 дома в 1 ЖК
445,Жилстройдизайн,https://www.cian.ru/zastroishchik-zhilstroidizain-9910/,1 дом в 1 ЖК
446,Старкт,https://www.cian.ru/zastroishchik-starkt-7921/,33 дома в 4 ЖК
447,КМ Девелопмент,https://www.cian.ru/zastroishchik-km-development-14582/,3 дома в 3 ЖК
448,СЗ Стройиндустрия (Солнечногорск),https://www.cian.ru/zastroishchik-sz-stroiindustriia-solnechnogorsk-7923/,14 домов в 10 ЖК
449,Парк,https://www.cian.ru/zastroishchik-park-8491/,4 дома в 1 ЖК
450,ГК Авиаспецресурс,https://www.cian.ru/zastroishchik-gk-aviaspetsresurs-12277/,6 домов в 2 ЖК
451,Моспроект,https://www.cian.ru/zastroishchik-mosproekt-14332/,1 дом в 1 ЖК
452,СЗ СФД,https://www.cian.ru/zastroishchik-sz-sfd-8431/,12 домов в 1 ЖК
453,ИНТЕРФЛОРА,https://www.cian.ru/zastroishchik-interflora-8434/,3 дома в 1 ЖК
454,ПИФ,https://www.cian.ru/zastroishchik-pif-9991/,1 дом в 1 ЖК
455,Инвесттраст,https://www.cian.ru/zastroishchik-investtrast-7079/,7 домов в 1 ЖК
456,ГлавГрадоСтрой,https://www.cian.ru/zastroishchik-glavgradostroi-8183/,11 домов в 4 ЖК
457,Дивия,https://www.cian.ru/zastroishchik-diviia-9776/,4 дома в 1 ЖК
458,ГК Красная Горка,https://www.cian.ru/zastroishchik-gk-krasnaia-gorka-9777/,2 дома в 1 ЖК
459,Руполис-Растуново,https://www.cian.ru/zastroishchik-rupolis-rastunovo-9778/,15 домов в 1 ЖК
460,КООПСТРОЙ,https://www.cian.ru/zastroishchik-koopstroi-7657/,2 дома в 1 ЖК
461,Костромагорстрой,https://www.cian.ru/zastroishchik-kostromagorstroi-7660/,37 домов в 11 ЖК
462,BPS International,https://www.cian.ru/zastroishchik-bps-international-7152/,3 дома в 1 ЖК
463,Лагуна Грин,https://www.cian.ru/zastroishchik-laguna-grin-7667/,1 дом в 1 ЖК
464,ЛИКСАР-СТРОЙ,https://www.cian.ru/zastroishchik-liksar-stroi-7675/,1 дом в 1 ЖК
465,МД Групп,https://www.cian.ru/zastroishchik-md-grupp-7677/,15 домов в 1 ЖК
466,СЗ СФД,https://www.cian.ru/zastroishchik-sz-sfd-8431/,12 домов в 1 ЖК
467,ИНТЕРФЛОРА,https://www.cian.ru/zastroishchik-interflora-8434/,3 дома в 1 ЖК
468,ПИФ,https://www.cian.ru/zastroishchik-pif-9991/,1 дом в 1 ЖК
469,Инвесттраст,https://www.cian.ru/zastroishchik-investtrast-7079/,7 домов в 1 ЖК
470,Миханики Русия,https://www.cian.ru/zastroishchik-mikhaniki-rusiia-15007/,1 дом в 1 ЖК
471,VESNA Development,https://www.cian.ru/zastroishchik-vesna-development-9566/,1 дом в 1 ЖК
472,GriffIn Partners,https://www.cian.ru/zastroishchik-griffin-partners-10060/,1 дом в 1 ЖК
473,Лоджик-Риэлти,https://www.cian.ru/zastroishchik-lodzhik-rielti-14544/,1 дом в 1 ЖК
474,Строитель (Москва),https://www.cian.ru/zastroishchik-stroitel-moskva-10042/,1 дом в 1 ЖК
475,Стройсервис,https://www.cian.ru/zastroishchik-stroiservis-7804/,5 домов в 3 ЖК
476,ПАО ИЭ ЖКХ,https://www.cian.ru/zastroishchik-pao-ie-zhkkh-12797/,1 дом в 1 ЖК
477,Ривалд-2000,https://www.cian.ru/zastroishchik-rivald-2000-8549/,1 дом в 1 ЖК
478,Пробизнес-Девелопмент,https://www.cian.ru/zastroishchik-probiznes-development-8550/,5 домов в 2 ЖК
479,ТМ-СтройПром,https://www.cian.ru/zastroishchik-tm-stroiprom-8554/,4 дома в 1 ЖК
480,ЭКЗ,https://www.cian.ru/zastroishchik-ekz-7709/,11 домов в 1 ЖК
481,Лион Групп,https://www.cian.ru/zastroishchik-lion-grupp-7729/,3 дома в 1 ЖК
482,Земинжконсалт,https://www.cian.ru/zastroishchik-zeminzhkonsalt-8713/,1 дом в 1 ЖК
483,ПАНАВТО,https://www.cian.ru/zastroishchik-panavto-8465/,1 дом в 1 ЖК
484,МАРТИН,https://www.cian.ru/zastroishchik-martin-8470/,20 домов в 1 ЖК
485,Строительное управление № 7 Фундаментстрой,https://www.cian.ru/zastroishchik-stroitelnoe-upravlenie-7-fundamentstroi-14650/,1 дом в 1 ЖК
486,ГК Лосиный остров,https://www.cian.ru/zastroishchik-gk-losinyi-ostrov-5337/,22 дома в 1 ЖК
487,Луч,https://www.cian.ru/zastroishchik-luch-8629/,1 дом в 1 ЖК
488,АТ-Девелопмент,https://www.cian.ru/zastroishchik-at-development-8630/,4 дома в 3 ЖК
489,Мирта 2000,https://www.cian.ru/zastroishchik-mirta-2000-9987/,1 дом в 1 ЖК
490,ИНТЕРФЛОРА,https://www.cian.ru/zastroishchik-interflora-8434/,3 дома в 1 ЖК
491,ПИФ,https://www.cian.ru/zastroishchik-pif-9991/,1 дом в 1 ЖК
492,Инвесттраст,https://www.cian.ru/zastroishchik-investtrast-7079/,7 домов в 1 ЖК
493,ГлавГрадоСтрой,https://www.cian.ru/zastroishchik-glavgradostroi-8183/,11 домов в 4 ЖК
494,Мирта 2000,https://www.cian.ru/zastroishchik-mirta-2000-9987/,1 дом в 1 ЖК
495,Santa real estate,https://www.cian.ru/zastroishchik-santa-real-estate-9988/,1 дом в 1 ЖК
496,Concord Development,https://www.cian.ru/zastroishchik-concord-development-9989/,2 дома в 2 ЖК
497,Доходный дом,https://www.cian.ru/zastroishchik-dokhodnyi-dom-11598/,1 дом в 1 ЖК
498,Жилстрой (Егорьевск),https://www.cian.ru/zastroishchik-zhilstroi-egorevsk-11166/,1 дом в 1 ЖК
499,ГК РКК Энергия,https://www.cian.ru/zastroishchik-gk-rkk-energiia-12912/,3 дома в 1 ЖК
500,ГК Роситал,https://www.cian.ru/zastroishchik-gk-rosital-14229/,27 домов в 3 ЖК
501,ВВК-ХХI,https://www.cian.ru/zastroishchik-vvk-khkhi-9964/,3 дома в 1 ЖК
502,Биплан М,https://www.cian.ru/zastroishchik-biplan-m-9981/,1 дом в 1 ЖК
503,УКРиС г. Подольска,https://www.cian.ru/zastroishchik-ukris-g-podolska-7747/,7 домов в 2 ЖК
504,Рапид,https://www.cian.ru/zastroishchik-rapid-10216/,2 дома в 1 ЖК
505,Мособлжилстрой Девелопмент,https://www.cian.ru/zastroishchik-mosoblzhilstroi-development-7683/,2 дома в 2 ЖК
506,Трест Мосэлектротягстрой,https://www.cian.ru/zastroishchik-trest-moselektrotiagstroi-7696/,9 домов в 3 ЖК
507,Arpo Capital,https://www.cian.ru/zastroishchik-arpo-capital-12818/,1 дом в 1 ЖК
508,ЭКЗ,https://www.cian.ru/zastroishchik-ekz-7709/,11 домов в 1 ЖК
509,Лион Групп,https://www.cian.ru/zastroishchik-lion-grupp-7729/,3 дома в 1 ЖК
510,РИК Строй Инвест,https://www.cian.ru/zastroishchik-rik-stroi-invest-7817/,3 дома в 1 ЖК
511,РК-Газсетьсервис,https://www.cian.ru/zastroishchik-rk-gazsetservis-7819/,57 домов в 14 ЖК
512,Ронд,https://www.cian.ru/zastroishchik-rond-7823/,11 домов в 1 ЖК
513,Дом-инвест,https://www.cian.ru/zastroishchik-dom-invest-9925/,12 домов в 4 ЖК
514,КорундСтрой,https://www.cian.ru/zastroishchik-korundstroi-15220/,1 дом в 1 ЖК
515,ИТЭЛМА ДЕВЕЛОПМЕНТ,https://www.cian.ru/zastroishchik-itelma-development-17330/,2 дома в 1 ЖК
516,Мирта 2000,https://www.cian.ru/zastroishchik-mirta-2000-9987/,1 дом в 1 ЖК
517,Santa real estate,https://www.cian.ru/zastroishchik-santa-real-estate-9988/,1 дом в 1 ЖК
518,Concord Development,https://www.cian.ru/zastroishchik-concord-development-9989/,2 дома в 2 ЖК
519,Доходный дом,https://www.cian.ru/zastroishchik-dokhodnyi-dom-11598/,1 дом в 1 ЖК
520,Elbert Development Group,https://www.cian.ru/zastroishchik-elbert-development-group-14954/,1 дом в 1 ЖК
521,Пересвет-Инвест,https://www.cian.ru/zastroishchik-peresvet-invest-652/,20 домов в 13 ЖК
522,СЗ ИСК КОМФОРТ,https://www.cian.ru/zastroishchik-sz-isk-komfort-4786/,1 дом в 1 ЖК
523,Корпорация Баркли,https://www.cian.ru/zastroishchik-korporatsiia-barkli-7048/,21 дом в 12 ЖК
524,Мосстроймеханизация-5,https://www.cian.ru/zastroishchik-mosstroimekhanizatsiia-5-7049/,14 домов в 5 ЖК
525,Московский комбинат хлебопродуктов,https://www.cian.ru/zastroishchik-moskovskii-kombinat-khleboproduktov-7051/,15 домов в 1 ЖК
526,Промстройинвест М,https://www.cian.ru/zastroishchik-promstroiinvest-m-7053/,12 домов в 7 ЖК
527,ЮВСГ,https://www.cian.ru/zastroishchik-iuvsg-11215/,1 дом в 1 ЖК
528,Коперник,https://www.cian.ru/zastroishchik-kopernik-14558/,1 дом в 1 ЖК
529,Домострой-недвижимость,https://www.cian.ru/zastroishchik-domostroi-nedvizhimost-6116/,3 дома в 1 ЖК
530,Central Properties,https://www.cian.ru/zastroishchik-central-properties-9772/,8 домов в 1 ЖК
531,Финансовая Корпорация,https://www.cian.ru/zastroishchik-finansovaia-korporatsiia-9775/,1 дом в 1 ЖК
532,ГК Элгад,https://www.cian.ru/zastroishchik-gk-elgad-14525/,4 дома в 1 ЖК
533,СМУ-2 (Клин),https://www.cian.ru/zastroishchik-smu-2-klin-13085/,5 домов в 2 ЖК
534,Студия,https://www.cian.ru/zastroishchik-studiia-11047/,2 дома в 1 ЖК
535,Металер,https://www.cian.ru/zastroishchik-metaler-9807/,17 домов в 2 ЖК
536,Кронтэкс,https://www.cian.ru/zastroishchik-kronteks-9810/,1 дом в 1 ЖК
537,Атлантик,https://www.cian.ru/zastroishchik-atlantik-9811/,4 дома в 1 ЖК
538,Строительная группа Альянс,https://www.cian.ru/zastroishchik-stroitelnaia-gruppa-alians-11482/,4 дома в 1 ЖК
539,ГК Сова-холдинг,https://www.cian.ru/zastroishchik-gk-sova-kholding-7904/,21 дом в 2 ЖК
540,СолидСтройГрупп,https://www.cian.ru/zastroishchik-solidstroigrupp-7908/,11 домов в 3 ЖК
541,СЗ Управление крупномасштабных проектов,https://www.cian.ru/zastroishchik-sz-upravlenie-krupnomasshtabnykh-proektov-17754/,4 дома в 1 ЖК
542,СПЕЦСТРОЙ-1,https://www.cian.ru/zastroishchik-spetsstroi-1-17396/,3 дома в 1 ЖК
543,ФСК Развитие,https://www.cian.ru/zastroishchik-fsk-razvitie-9223/,2 дома в 1 ЖК
544,МастерСтрой (Москва),https://www.cian.ru/zastroishchik-masterstroi-moskva-9225/,3 дома в 1 ЖК
545,Жилстрой,https://www.cian.ru/zastroishchik-zhilstroi-9257/,8 домов в 1 ЖК
546,ЖСК Велес,https://www.cian.ru/zastroishchik-zhsk-veles-13071/,1 дом в 1 ЖК
547,Архантика,https://www.cian.ru/zastroishchik-arkhantika-17437/,1 дом в 1 ЖК
548,Остров,https://www.cian.ru/zastroishchik-ostrov-17440/,1 дом в 1 ЖК
549,Диана-4,https://www.cian.ru/zastroishchik-diana-4-17448/,1 дом в 1 ЖК
550,Шервудстрой,https://www.cian.ru/zastroishchik-shervudstroi-15536/,5 домов в 1 ЖК
551,Реконструкция,https://www.cian.ru/zastroishchik-rekonstruktsiia-9435/,8 домов в 3 ЖК
552,Азимут,https://www.cian.ru/zastroishchik-azimut-9436/,1 дом в 1 ЖК
553,Строительная Диверсифицированная Компания,https://www.cian.ru/zastroishchik-stroitelnaia-diversifitsirovannaia-kompaniia-9970/,1 дом в 1 ЖК
554,ГК Орехово,https://www.cian.ru/zastroishchik-gk-orekhovo-11135/,2 дома в 2 ЖК
555,СЗ ЭНЕРГОСТРОЙИНВЕСТ,https://www.cian.ru/zastroishchik-sz-energostroiinvest-18756/,1 дом в 1 ЖК
556,ГК РОЭЛ,https://www.cian.ru/zastroishchik-gk-roel-8601/,11 домов в 1 ЖК
557,ОблИСК,https://www.cian.ru/zastroishchik-oblisk-8608/,4 дома в 4 ЖК
558,Деметра Групп,https://www.cian.ru/zastroishchik-demetra-grupp-8672/,4 дома в 1 ЖК
559,Альтернативные Строительные Концепции,https://www.cian.ru/zastroishchik-alternativnye-stroitelnye-kontseptsii-8690/,1 дом в 1 ЖК
560,7-й ТМП,https://www.cian.ru/zastroishchik-7-i-tmp-8179/,8 домов в 1 ЖК
561,Архантика,https://www.cian.ru/zastroishchik-arkhantika-17437/,1 дом в 1 ЖК
562,Остров,https://www.cian.ru/zastroishchik-ostrov-17440/,1 дом в 1 ЖК
563,Диана-4,https://www.cian.ru/zastroishchik-diana-4-17448/,1 дом в 1 ЖК
564,СНПС,https://www.cian.ru/zastroishchik-snps-7847/,5 домов в 3 ЖК
565,СК ОЛИМП,https://www.cian.ru/zastroishchik-sk-olimp-7850/,1 дом в 1 ЖК
566,Шатер Девелопмент,https://www.cian.ru/zastroishchik-shater-development-15524/,4 дома в 4 ЖК
567,Русстройинвест,https://www.cian.ru/zastroishchik-russtroiinvest-14517/,1 дом в 1 ЖК
568,Берендей,https://www.cian.ru/zastroishchik-berendei-8902/,23 дома в 1 ЖК
569,ГЛАВУКС,https://www.cian.ru/zastroishchik-glavuks-6469/,23 дома в 18 ЖК
570,Вересаева Плюс,https://www.cian.ru/zastroishchik-veresaeva-plius-9854/,1 дом в 1 ЖК
571,Мякининское поречье,https://www.cian.ru/zastroishchik-miakininskoe-poreche-8184/,1 дом в 1 ЖК
572,ГК РКК Энергия,https://www.cian.ru/zastroishchik-gk-rkk-energiia-12912/,3 дома в 1 ЖК
573,ГК Роситал,https://www.cian.ru/zastroishchik-gk-rosital-14229/,27 домов в 3 ЖК
574,ВВК-ХХI,https://www.cian.ru/zastroishchik-vvk-khkhi-9964/,3 дома в 1 ЖК
575,Биплан М,https://www.cian.ru/zastroishchik-biplan-m-9981/,1 дом в 1 ЖК
576,УКРиС г. Подольска,https://www.cian.ru/zastroishchik-ukris-g-podolska-7747/,7 домов в 2 ЖК
577,Рапид,https://www.cian.ru/zastroishchik-rapid-10216/,2 дома в 1 ЖК
578,Мособлжилстрой Девелопмент,https://www.cian.ru/zastroishchik-mosoblzhilstroi-development-7683/,2 дома в 2 ЖК
579,Трест Мосэлектротягстрой,https://www.cian.ru/zastroishchik-trest-moselektrotiagstroi-7696/,9 домов в 3 ЖК
580,СБМ Инвест,https://www.cian.ru/zastroishchik-sbm-invest-7844/,2 дома в 1 ЖК
581,Мосотделстрой №1,https://www.cian.ru/zastroishchik-mosotdelstroi-1-15060/,26 домов в 3 ЖК
582,Вересаева Плюс,https://www.cian.ru/zastroishchik-veresaeva-plius-9854/,1 дом в 1 ЖК
583,Мякининское поречье,https://www.cian.ru/zastroishchik-miakininskoe-poreche-8184/,1 дом в 1 ЖК
584,ИП Черевко Е. В.,https://www.cian.ru/zastroishchik-ip-cherevko-e-v-446/,10 домов в 1 ЖК
585,МИСК,https://www.cian.ru/zastroishchik-misk-6214/,20 домов в 3 ЖК
586,MIRUM Group,https://www.cian.ru/zastroishchik-mirum-group-11563/,2 дома в 1 ЖК
587,ФСК Развитие,https://www.cian.ru/zastroishchik-fsk-razvitie-9223/,2 дома в 1 ЖК
588,МастерСтрой (Москва),https://www.cian.ru/zastroishchik-masterstroi-moskva-9225/,3 дома в 1 ЖК
589,Жилстрой,https://www.cian.ru/zastroishchik-zhilstroi-9257/,8 домов в 1 ЖК
590,Трансфорт,https://www.cian.ru/zastroishchik-transfort-8439/,8 домов в 1 ЖК
591,Трест МСМ-1,https://www.cian.ru/zastroishchik-trest-msm-1-9976/,4 дома в 2 ЖК
592,СМР Строй,https://www.cian.ru/zastroishchik-smr-stroi-8445/,5 домов в 3 ЖК
593,Magnum Development,https://www.cian.ru/zastroishchik-magnum-development-14469/,4 дома в 2 ЖК
594,САБ-УРБАН,https://www.cian.ru/zastroishchik-sab-urban-5910/,23 дома в 1 ЖК
595,R4S GROUP,https://www.cian.ru/zastroishchik-r4s-group-17402/,2 дома в 2 ЖК
596,РП Проект,https://www.cian.ru/zastroishchik-rp-proekt-17405/,1 дом в 1 ЖК
597,Фирма МЕБЕ,https://www.cian.ru/zastroishchik-firma-mebe-7270/,4 дома в 2 ЖК
598,Дубрава,https://www.cian.ru/zastroishchik-dubrava-5744/,5 домов в 1 ЖК
599,RTD GROUP,https://www.cian.ru/zastroishchik-rtd-group-13025/,18 домов в 1 ЖК
600,Домострой,https://www.cian.ru/zastroishchik-domostroi-9928/,5 домов в 5 ЖК
601,Волга,https://www.cian.ru/zastroishchik-volga-11994/,1 дом в 1 ЖК
602,Стимул,https://www.cian.ru/zastroishchik-stimul-10280/,1 дом в 1 ЖК
603,Intermark Real Estate,https://www.cian.ru/zastroishchik-intermark-real-estate-14496/,2 дома в 2 ЖК
604,СЗ Оптимум-Инвест,https://www.cian.ru/zastroishchik-sz-optimum-invest-15818/,1 дом в 1 ЖК
605,СУ-11 Липецкстрой,https://www.cian.ru/zastroishchik-su-11-lipetskstroi-9570/,9 домов в 5 ЖК
606,АВГУР ЭСТЕЙТ,https://www.cian.ru/zastroishchik-avgur-esteit-7045/,1 дом в 1 ЖК
607,Palladio Group,https://www.cian.ru/zastroishchik-palladio-group-18237/,1 дом в 1 ЖК
608,СЗ Арткласс-Девелопмент,https://www.cian.ru/zastroishchik-sz-artklass-development-16376/,1 дом в 1 ЖК
609,Еврофармакол,https://www.cian.ru/zastroishchik-evrofarmakol-17329/,1 дом в 1 ЖК
610,РГУНГ им. И.М. Губкина,https://www.cian.ru/zastroishchik-rgung-im-i-m-gubkina-14545/,2 дома в 1 ЖК
611,ФГОУ ВПО Академия Федеральной службы безопасности Российской Федерации,https://www.cian.ru/zastroishchik-fgou-vpo-akademiia-federalnoi-sluzhby-bezopasnosti-rossiiskoi-federatsii-9679/,2 дома в 1 ЖК
612,ЮИТ СитиСтрой,https://www.cian.ru/zastroishchik-iuit-sitistroi-1332/,17 домов в 8 ЖК
613,Восток Девелопмент,https://www.cian.ru/zastroishchik-vostok-development-9546/,2 дома в 2 ЖК
614,MySpace Development,https://www.cian.ru/zastroishchik-myspace-development-15225/,4 дома в 4 ЖК
615,Велесстрой,https://www.cian.ru/zastroishchik-velesstroi-15353/,2 дома в 1 ЖК
616,Веста СФ Раменское,https://www.cian.ru/zastroishchik-vesta-sf-ramenskoe-3602/,5 домов в 1 ЖК
617,СЗ ЖК 2/1,https://www.cian.ru/zastroishchik-sz-zhk-2-1-15977/,2 дома в 1 ЖК
618,СК Стратегия,https://www.cian.ru/zastroishchik-sk-strategiia-9788/,2 дома в 2 ЖК
619,ГК Территория,https://www.cian.ru/zastroishchik-gk-territoriia-7247/,12 домов в 6 ЖК
620,"Зубовская, д.7",https://www.cian.ru/zastroishchik-zubovskaia-d-7-12821/,1 дом в 1 ЖК
621,Юнион-ТК,https://www.cian.ru/zastroishchik-iunion-tk-7809/,8 домов в 1 ЖК
622,Декор (Decor),https://www.cian.ru/zastroishchik-dekor-decor-12957/,6 домов в 1 ЖК
623,РИК Строй Инвест,https://www.cian.ru/zastroishchik-rik-stroi-invest-7817/,3 дома в 1 ЖК
624,РК-Газсетьсервис,https://www.cian.ru/zastroishchik-rk-gazsetservis-7819/,57 домов в 14 ЖК
625,Ронд,https://www.cian.ru/zastroishchik-rond-7823/,11 домов в 1 ЖК
626,Дом-инвест,https://www.cian.ru/zastroishchik-dom-invest-9925/,12 домов в 4 ЖК
627,КорундСтрой,https://www.cian.ru/zastroishchik-korundstroi-15220/,1 дом в 1 ЖК
628,ИТЭЛМА ДЕВЕЛОПМЕНТ,https://www.cian.ru/zastroishchik-itelma-development-17330/,2 дома в 1 ЖК
629,Palladio Group,https://www.cian.ru/zastroishchik-palladio-group-18237/,1 дом в 1 ЖК
630,Ронд,https://www.cian.ru/zastroishchik-rond-7823/,11 домов в 1 ЖК
631,Дом-инвест,https://www.cian.ru/zastroishchik-dom-invest-9925/,12 домов в 4 ЖК
632,КорундСтрой,https://www.cian.ru/zastroishchik-korundstroi-15220/,1 дом в 1 ЖК
633,ИТЭЛМА ДЕВЕЛОПМЕНТ,https://www.cian.ru/zastroishchik-itelma-development-17330/,2 дома в 1 ЖК
634,Меджиком,https://www.cian.ru/zastroishchik-medzhikom-11329/,1 дом в 1 ЖК
635,Стройвос,https://www.cian.ru/zastroishchik-stroivos-15909/,1 дом в 1 ЖК
636,ГК МД ТЕХНИКА,https://www.cian.ru/zastroishchik-gk-md-tekhnika-13089/,1 дом в 1 ЖК
637,Предприятие МС,https://www.cian.ru/zastroishchik-predpriiatie-ms-13098/,21 дом в 1 ЖК
638,Wainbridge,https://www.cian.ru/zastroishchik-wainbridge-14678/,7 домов в 3 ЖК
639,СЗ Митино Град,https://www.cian.ru/zastroishchik-sz-mitino-grad-16036/,4 дома в 1 ЖК
640,Веста СФ Раменское,https://www.cian.ru/zastroishchik-vesta-sf-ramenskoe-3602/,5 домов в 1 ЖК
641,СЗ ЖК 2/1,https://www.cian.ru/zastroishchik-sz-zhk-2-1-15977/,2 дома в 1 ЖК
642,Группа компаний Премьер,https://www.cian.ru/zastroishchik-gruppa-kompanii-premer-7068/,6 домов в 5 ЖК
643,Lexion Development,https://www.cian.ru/zastroishchik-lexion-development-7069/,28 домов в 2 ЖК
644,РЕСТАВРАЦИЯ Н,https://www.cian.ru/zastroishchik-restavratsiia-n-7071/,8 домов в 5 ЖК
645,ИСК ЗАПАД,https://www.cian.ru/zastroishchik-isk-zapad-7072/,4 дома в 2 ЖК
646,ГК Гарантия – Строй,https://www.cian.ru/zastroishchik-gk-garantiia-stroi-7073/,15 домов в 4 ЖК
647,Роскомстрой Недвижимость,https://www.cian.ru/zastroishchik-roskomstroi-nedvizhimost-7076/,4 дома в 2 ЖК
648,ИМПОСТ Инвест,https://www.cian.ru/zastroishchik-impost-invest-10887/,2 дома в 1 ЖК
649,Рублево,https://www.cian.ru/zastroishchik-rublevo-14351/,22 дома в 1 ЖК
650,ГК Квартал,https://www.cian.ru/zastroishchik-gk-kvartal-8217/,24 дома в 1 ЖК
651,Легион Девелопмент,https://www.cian.ru/zastroishchik-legion-development-8218/,4 дома в 1 ЖК
652,Тетрис,https://www.cian.ru/zastroishchik-tetris-8219/,2 дома в 1 ЖК
653,ГУТА-ДЕВЕЛОПМЕНТ,https://www.cian.ru/zastroishchik-guta-development-8222/,2 дома в 1 ЖК
654,УК Динамо,https://www.cian.ru/zastroishchik-uk-dinamo-8223/,8 домов в 1 ЖК
655,Элинстрой,https://www.cian.ru/zastroishchik-elinstroi-8225/,1 дом в 1 ЖК
656,Сбер-инвест,https://www.cian.ru/zastroishchik-sber-invest-7837/,6 домов в 5 ЖК
657,СБМ Инвест,https://www.cian.ru/zastroishchik-sbm-invest-7844/,2 дома в 1 ЖК
658,ПРОФРЕСТАВРАЦИЯ,https://www.cian.ru/zastroishchik-profrestavratsiia-7733/,5 домов в 2 ЖК
659,Строймонтаж,https://www.cian.ru/zastroishchik-stroimontazh-7735/,6 домов в 2 ЖК
660,Меджиком,https://www.cian.ru/zastroishchik-medzhikom-11329/,1 дом в 1 ЖК
661,Стройсевер,https://www.cian.ru/zastroishchik-stroisever-9469/,8 домов в 2 ЖК
662,ОАО Вавилово,https://www.cian.ru/zastroishchik-oao-vavilovo-13106/,1 дом в 1 ЖК
663,СтройРегистр,https://www.cian.ru/zastroishchik-stroiregistr-13109/,1 дом в 1 ЖК
664,Валдай сервис,https://www.cian.ru/zastroishchik-valdai-servis-13113/,1 дом в 1 ЖК
665,ГК ИнкомСпецСтрой,https://www.cian.ru/zastroishchik-gk-inkomspetsstroi-9631/,1 дом в 1 ЖК
666,ОСК-сервис,https://www.cian.ru/zastroishchik-osk-servis-9632/,1 дом в 1 ЖК
667,ГК Инстрой,https://www.cian.ru/zastroishchik-gk-instroi-9635/,1 дом в 1 ЖК
668,ГК Конти,https://www.cian.ru/zastroishchik-gk-konti-9387/,17 домов в 4 ЖК
669,SKM group,https://www.cian.ru/zastroishchik-skm-group-9388/,12 домов в 4 ЖК
670,ДЕСНА-ЛЭНД,https://www.cian.ru/zastroishchik-desna-lend-8574/,33 дома в 1 ЖК
671,Группа ПСН,https://www.cian.ru/zastroishchik-gruppa-psn-8575/,23 дома в 3 ЖК
672,БИГ Девелопмент,https://www.cian.ru/zastroishchik-big-development-8583/,2 дома в 1 ЖК
673,АЛВЕК,https://www.cian.ru/zastroishchik-alvek-8591/,1 дом в 1 ЖК
674,Д-Инвест,https://www.cian.ru/zastroishchik-d-invest-8586/,6 домов в 1 ЖК
675,Русский стиль,https://www.cian.ru/zastroishchik-russkii-stil-1085/,1 дом в 1 ЖК
676,Интер Союз,https://www.cian.ru/zastroishchik-inter-soiuz-177/,1 дом в 1 ЖК
677,БронИнвестСтрой,https://www.cian.ru/zastroishchik-broninveststroi-9415/,1 дом в 1 ЖК
678,ВЕЯ Строй,https://www.cian.ru/zastroishchik-veia-stroi-9416/,6 домов в 3 ЖК
679,Гавань,https://www.cian.ru/zastroishchik-gavan-9417/,16 домов в 1 ЖК
680,КФС-групп,https://www.cian.ru/zastroishchik-kfs-grupp-9418/,1 дом в 1 ЖК
681,PriorEstate,https://www.cian.ru/zastroishchik-priorestate-14532/,1 дом в 1 ЖК
682,Систеп,https://www.cian.ru/zastroishchik-sistep-14538/,2 дома в 1 ЖК
683,Intermark Real Estate,https://www.cian.ru/zastroishchik-intermark-real-estate-14496/,2 дома в 2 ЖК
684,Волга,https://www.cian.ru/zastroishchik-volga-11994/,1 дом в 1 ЖК
685,СУ-11 Липецкстрой,https://www.cian.ru/zastroishchik-su-11-lipetskstroi-9570/,9 домов в 5 ЖК
686,АВГУР ЭСТЕЙТ,https://www.cian.ru/zastroishchik-avgur-esteit-7045/,1 дом в 1 ЖК
687,Еврофармакол,https://www.cian.ru/zastroishchik-evrofarmakol-17329/,1 дом в 1 ЖК
688,Palladio Group,https://www.cian.ru/zastroishchik-palladio-group-18237/,1 дом в 1 ЖК
689,СЗ Арткласс-Девелопмент,https://www.cian.ru/zastroishchik-sz-artklass-development-16376/,1 дом в 1 ЖК
690,ИСК Альянс,https://www.cian.ru/zastroishchik-isk-alians-9450/,1 дом в 1 ЖК
691,Мастерстрой (Зеленоград),https://www.cian.ru/zastroishchik-masterstroi-zelenograd-10338/,1 дом в 1 ЖК
692,Диском,https://www.cian.ru/zastroishchik-diskom-9826/,1 дом в 1 ЖК
693,Техноком Трейд,https://www.cian.ru/zastroishchik-tekhnokom-treid-9832/,1 дом в 1 ЖК
694,Жилинвест ХХI,https://www.cian.ru/zastroishchik-zhilinvest-khkhi-7599/,7 домов в 4 ЖК
695,Каньон-2,https://www.cian.ru/zastroishchik-kanon-2-12728/,1 дом в 1 ЖК
696,Жилсоцстрой,https://www.cian.ru/zastroishchik-zhilsotsstroi-7609/,4 дома в 2 ЖК
697,Совхоз имени Ленина,https://www.cian.ru/zastroishchik-sovkhoz-imeni-lenina-7611/,8 домов в 8 ЖК
698,Инвестпромстрой XXI,https://www.cian.ru/zastroishchik-investpromstroi-xxi-7612/,3 дома в 1 ЖК
699,ИнвестСтройДом,https://www.cian.ru/zastroishchik-investstroidom-7615/,1 дом в 1 ЖК
700,Капитал Инвест групп,https://www.cian.ru/zastroishchik-kapital-invest-grupp-9565/,1 дом в 1 ЖК
701,ГК Терра Аури,https://www.cian.ru/zastroishchik-gk-terra-auri-9567/,1 дом в 1 ЖК
702,УЭС Стройпрогресс,https://www.cian.ru/zastroishchik-ues-stroiprogress-14572/,3 дома в 1 ЖК
703,PriorEstate,https://www.cian.ru/zastroishchik-priorestate-14532/,1 дом в 1 ЖК
704,Систеп,https://www.cian.ru/zastroishchik-sistep-14538/,2 дома в 1 ЖК
705,Vesta Development,https://www.cian.ru/zastroishchik-vesta-development-14474/,1 дом в 1 ЖК
706,Гиза XXI век,https://www.cian.ru/zastroishchik-giza-xxi-vek-9696/,2 дома в 2 ЖК
707,Русский стиль,https://www.cian.ru/zastroishchik-russkii-stil-1085/,1 дом в 1 ЖК
708,Интер Союз,https://www.cian.ru/zastroishchik-inter-soiuz-177/,1 дом в 1 ЖК
709,БронИнвестСтрой,https://www.cian.ru/zastroishchik-broninveststroi-9415/,1 дом в 1 ЖК
710,ВЕЯ Строй,https://www.cian.ru/zastroishchik-veia-stroi-9416/,6 домов в 3 ЖК
711,Гавань,https://www.cian.ru/zastroishchik-gavan-9417/,16 домов в 1 ЖК
712,КФС-групп,https://www.cian.ru/zastroishchik-kfs-grupp-9418/,1 дом в 1 ЖК
713,Диском,https://www.cian.ru/zastroishchik-diskom-9826/,1 дом в 1 ЖК
714,Техноком Трейд,https://www.cian.ru/zastroishchik-tekhnokom-treid-9832/,1 дом в 1 ЖК
715,Жилинвест ХХI,https://www.cian.ru/zastroishchik-zhilinvest-khkhi-7599/,7 домов в 4 ЖК
716,Каньон-2,https://www.cian.ru/zastroishchik-kanon-2-12728/,1 дом в 1 ЖК
717,Жилсоцстрой,https://www.cian.ru/zastroishchik-zhilsotsstroi-7609/,4 дома в 2 ЖК
718,Совхоз имени Ленина,https://www.cian.ru/zastroishchik-sovkhoz-imeni-lenina-7611/,8 домов в 8 ЖК
719,Инвестпромстрой XXI,https://www.cian.ru/zastroishchik-investpromstroi-xxi-7612/,3 дома в 1 ЖК
720,ИнвестСтройДом,https://www.cian.ru/zastroishchik-investstroidom-7615/,1 дом в 1 ЖК
721,ИнвестСтройРегион,https://www.cian.ru/zastroishchik-investstroiregion-7616/,3 дома в 1 ЖК
722,Главмосстрой-недвижимость,https://www.cian.ru/zastroishchik-glavmosstroi-nedvizhimost-6093/,19 домов в 7 ЖК
723,Rose Group,https://www.cian.ru/zastroishchik-rose-group-6111/,6 домов в 6 ЖК
724,Группа компаний Премьер,https://www.cian.ru/zastroishchik-gruppa-kompanii-premer-7068/,6 домов в 5 ЖК
725,Lexion Development,https://www.cian.ru/zastroishchik-lexion-development-7069/,28 домов в 2 ЖК
726,РЕСТАВРАЦИЯ Н,https://www.cian.ru/zastroishchik-restavratsiia-n-7071/,8 домов в 5 ЖК
727,ИСК ЗАПАД,https://www.cian.ru/zastroishchik-isk-zapad-7072/,4 дома в 2 ЖК
728,ГК Гарантия – Строй,https://www.cian.ru/zastroishchik-gk-garantiia-stroi-7073/,15 домов в 4 ЖК
729,Роскомстрой Недвижимость,https://www.cian.ru/zastroishchik-roskomstroi-nedvizhimost-7076/,4 дома в 2 ЖК
730,БИГ Девелопмент,https://www.cian.ru/zastroishchik-big-development-8583/,2 дома в 1 ЖК
731,АЛВЕК,https://www.cian.ru/zastroishchik-alvek-8591/,1 дом в 1 ЖК
732,Д-Инвест,https://www.cian.ru/zastroishchik-d-invest-8586/,6 домов в 1 ЖК
733,Русский стиль,https://www.cian.ru/zastroishchik-russkii-stil-1085/,1 дом в 1 ЖК
734,Интер Союз,https://www.cian.ru/zastroishchik-inter-soiuz-177/,1 дом в 1 ЖК
735,БронИнвестСтрой,https://www.cian.ru/zastroishchik-broninveststroi-9415/,1 дом в 1 ЖК
736,ВЕЯ Строй,https://www.cian.ru/zastroishchik-veia-stroi-9416/,6 домов в 3 ЖК
737,Гавань,https://www.cian.ru/zastroishchik-gavan-9417/,16 домов в 1 ЖК
738,КФС-групп,https://www.cian.ru/zastroishchik-kfs-grupp-9418/,1 дом в 1 ЖК
739,СЗ Атлантис Скай Сити,https://www.cian.ru/zastroishchik-sz-atlantis-skai-siti-19056/,2 дома в 1 ЖК
740,ГК Славянская компания,https://www.cian.ru/zastroishchik-gk-slavianskaia-kompaniia-9685/,3 дома в 1 ЖК
741,Парк-Сервис,https://www.cian.ru/zastroishchik-park-servis-9413/,3 дома в 1 ЖК
742,СтройИнвест (Подольск),https://www.cian.ru/zastroishchik-stroiinvest-podolsk-8454/,1 дом в 1 ЖК
743,СтройКомплектМонтаж,https://www.cian.ru/zastroishchik-stroikomplektmontazh-8459/,1 дом в 1 ЖК
744,ГК ТСТ-Дом,https://www.cian.ru/zastroishchik-gk-tst-dom-8461/,1 дом в 1 ЖК
745,ДЕСНА-ЛЭНД,https://www.cian.ru/zastroishchik-desna-lend-8574/,33 дома в 1 ЖК
746,Группа ПСН,https://www.cian.ru/zastroishchik-gruppa-psn-8575/,23 дома в 3 ЖК
747,БИГ Девелопмент,https://www.cian.ru/zastroishchik-big-development-8583/,2 дома в 1 ЖК
748,АЛВЕК,https://www.cian.ru/zastroishchik-alvek-8591/,1 дом в 1 ЖК
749,Д-Инвест,https://www.cian.ru/zastroishchik-d-invest-8586/,6 домов в 1 ЖК
750,Заречье-девелопмент,https://www.cian.ru/zastroishchik-zareche-development-9783/,6 домов в 1 ЖК
751,ГК Фобос,https://www.cian.ru/zastroishchik-gk-fobos-9785/,3 дома в 2 ЖК
752,ОЗ РТИ,https://www.cian.ru/zastroishchik-oz-rti-9787/,1 дом в 1 ЖК
753,Квартал Гальчино,https://www.cian.ru/zastroishchik-kvartal-galchino-9437/,4 дома в 1 ЖК
754,Даверна,https://www.cian.ru/zastroishchik-daverna-9438/,2 дома в 1 ЖК
755,Дмитровские горизонты,https://www.cian.ru/zastroishchik-dmitrovskie-gorizonty-9439/,7 домов в 1 ЖК
756,Мособлинтерстрой,https://www.cian.ru/zastroishchik-mosoblinterstroi-9444/,10 домов в 1 ЖК
757,Микрорайон Кантри,https://www.cian.ru/zastroishchik-mikroraion-kantri-8446/,46 домов в 1 ЖК
758,АВС Инвест,https://www.cian.ru/zastroishchik-avs-invest-8449/,1 дом в 1 ЖК
759,ГК Славянская компания,https://www.cian.ru/zastroishchik-gk-slavianskaia-kompaniia-9685/,3 дома в 1 ЖК
760,ИМПОСТ Инвест,https://www.cian.ru/zastroishchik-impost-invest-10887/,2 дома в 1 ЖК
761,Спецспортпроект,https://www.cian.ru/zastroishchik-spetssportproekt-14910/,5 домов в 1 ЖК
762,ГК Aspir,https://www.cian.ru/zastroishchik-gk-aspir-16714/,4 дома в 1 ЖК
763,Рублево,https://www.cian.ru/zastroishchik-rublevo-14351/,22 дома в 1 ЖК
764,Строй Вест,https://www.cian.ru/zastroishchik-stroi-vest-8194/,4 дома в 1 ЖК
765,УС-200,https://www.cian.ru/zastroishchik-us-200-9403/,1 дом в 1 ЖК
766,СТРОЙ-ЭКСПЕРТ,https://www.cian.ru/zastroishchik-stroi-ekspert-9409/,3 дома в 1 ЖК
767,Промстройбетон,https://www.cian.ru/zastroishchik-promstroibeton-9411/,11 домов в 2 ЖК
768,СЗ Партнерство,https://www.cian.ru/zastroishchik-sz-partnerstvo-9412/,6 домов в 1 ЖК
769,Pragma Development,https://www.cian.ru/zastroishchik-pragma-development-5357/,4 дома в 1 ЖК
770,Группа ВТБ,https://www.cian.ru/zastroishchik-gruppa-vtb-10527/,1 дом в 1 ЖК
771,СПКапстрой,https://www.cian.ru/zastroishchik-spkapstroi-10072/,1 дом в 1 ЖК
772,Дейстар групп (DSG),https://www.cian.ru/zastroishchik-deistar-grupp-dsg-10093/,1 дом в 1 ЖК
773,ЭХО,https://www.cian.ru/zastroishchik-ekho-8049/,9 домов в 6 ЖК
774,Upside Development,https://www.cian.ru/zastroishchik-upside-development-8050/,2 дома в 2 ЖК
775,Такт-Риэлти,https://www.cian.ru/zastroishchik-takt-rielti-8062/,3 дома в 1 ЖК
776,СЗ Инвестиционный департамент,https://www.cian.ru/zastroishchik-sz-investitsionnyi-departament-16261/,1 дом в 1 ЖК
777,ГК Центр,https://www.cian.ru/zastroishchik-gk-tsentr-14397/,1 дом в 1 ЖК
778,M2 GROUP,https://www.cian.ru/zastroishchik-m2-group-8355/,33 дома в 5 ЖК
779,СтройКомфорт,https://www.cian.ru/zastroishchik-stroikomfort-8357/,4 дома в 1 ЖК
780,ПФК Виктория-5,https://www.cian.ru/zastroishchik-pfk-viktoriia-5-8360/,7 домов в 2 ЖК
781,Негреско,https://www.cian.ru/zastroishchik-negresko-8061/,17 домов в 4 ЖК
782,,https://www.cian.ru/zastroishchik-sz-iriston-18441/,4 дома в 1 ЖК
783,,https://www.cian.ru/zastroishchik-sz-ametist-18019/,1 дом в 1 ЖК
784,,https://www.cian.ru/zastroishchik-gk-progress-12380/,4 дома в 2 ЖК
785,,https://www.cian.ru/zastroishchik-zhsk-nikulino-19076/,1 дом в 1 ЖК
786,,https://www.cian.ru/zastroishchik-npo-gran-13027/,1 дом в 1 ЖК
787,,https://www.cian.ru/zastroishchik-ip-mozhaev-v-v-14566/,6 домов в 1 ЖК
788,,https://www.cian.ru/zastroishchik-idil-inshaat-tidzharet-anonim-shirketi-11597/,1 дом в 1 ЖК
789,,https://www.cian.ru/zastroishchik-kapitalplius-9458/,1 дом в 1 ЖК
790,,https://www.cian.ru/zastroishchik-zhbi-3-volokolamsk-15183/,5 домов в 1 ЖК
791,,https://www.cian.ru/zastroishchik-spkz-novyi-gorod-13088/,2 дома в 1 ЖК
792,,https://www.cian.ru/zastroishchik-sz-polinesso-15822/,1 дом в 1 ЖК
793,,https://www.cian.ru/zastroishchik-gk-trest-14568/,2 дома в 2 ЖК
794,,https://www.cian.ru/zastroishchik-prioritet-14570/,2 дома в 1 ЖК
795,,https://www.cian.ru/zastroishchik-pushremstroi-14571/,2 дома в 1 ЖК
796,,https://www.cian.ru/zastroishchik-npo-stekloplastik-14746/,2 дома в 1 ЖК
797,,https://www.cian.ru/zastroishchik-advatek-rossiia-14522/,2 дома в 1 ЖК
798,,https://www.cian.ru/zastroishchik-protvinostroiinvest-14526/,1 дом в 1 ЖК
799,,https://www.cian.ru/zastroishchik-elvikom-stroiinvest-10586/,1 дом в 1 ЖК
800,,https://www.cian.ru/zastroishchik-avtoevroservis-m-9878/,2 дома в 1 ЖК
801,,https://www.cian.ru/zastroishchik-gk-restr-9881/,1 дом в 1 ЖК
802,,https://www.cian.ru/zastroishchik-avtokombinat-32-15850/,2 дома в 1 ЖК
803,,https://www.cian.ru/zastroishchik-gk-arkhitektor-18425/,1 дом в 1 ЖК
804,,https://www.cian.ru/zastroishchik-alina-8418/,2 дома в 2 ЖК
805,,https://www.cian.ru/zastroishchik-shakhovskaia-mpkkh-14657/,3 дома в 3 ЖК
806,,https://www.cian.ru/zastroishchik-ip-mozhaev-v-v-14566/,6 домов в 1 ЖК
807,,https://www.cian.ru/zastroishchik-idil-inshaat-tidzharet-anonim-shirketi-11597/,1 дом в 1 ЖК
808,,https://www.cian.ru/zastroishchik-kapitalplius-9458/,1 дом в 1 ЖК
809,,https://www.cian.ru/zastroishchik-zhbi-3-volokolamsk-15183/,5 домов в 1 ЖК
810,,https://www.cian.ru/zastroishchik-stroiplius-8373/,15 домов в 1 ЖК
811,,https://www.cian.ru/zastroishchik-simon-dzhesso-15723/,1 дом в 1 ЖК
812,,https://www.cian.ru/zastroishchik-investitsii-v-moskovskuiu-oblast-8716/,1 дом в 1 ЖК
813,,https://www.cian.ru/zastroishchik-interstroiservis-m-14282/,2 дома в 2 ЖК
814,,https://www.cian.ru/zastroishchik-sz-skala-17459/,7 домов в 1 ЖК
815,,https://www.cian.ru/zastroishchik-avtoevroservis-m-9878/,2 дома в 1 ЖК
816,,https://www.cian.ru/zastroishchik-gk-restr-9881/,1 дом в 1 ЖК
817,,https://www.cian.ru/zastroishchik-avtokombinat-32-15850/,2 дома в 1 ЖК
818,,https://www.cian.ru/zastroishchik-gk-arkhitektor-18425/,1 дом в 1 ЖК
819,,https://www.cian.ru/zastroishchik-isk-ant-10139/,3 дома в 1 ЖК
820,,https://www.cian.ru/zastroishchik-ip-mozhaev-v-v-14566/,6 домов в 1 ЖК
821,,https://www.cian.ru/zastroishchik-idil-inshaat-tidzharet-anonim-shirketi-11597/,1 дом в 1 ЖК
822,,https://www.cian.ru/zastroishchik-gk-stroi-kom-16517/,2 дома в 2 ЖК
823,,https://www.cian.ru/zastroishchik-vit-komplekt-7169/,1 дом в 1 ЖК
824,,https://www.cian.ru/zastroishchik-ekoproekt-14581/,1 дом в 1 ЖК
825,,https://www.cian.ru/zastroishchik-gorodskoi-dom-14583/,1 дом в 1 ЖК
826,,https://www.cian.ru/zastroishchik-kombilding-7059/,10 домов в 5 ЖК
827,,https://www.cian.ru/zastroishchik-sz-skala-17459/,7 домов в 1 ЖК
828,,https://www.cian.ru/zastroishchik-stimul-18643/,1 дом в 1 ЖК
829,,https://www.cian.ru/zastroishchik-sz-messier-development-14986/,2 дома в 1 ЖК
830,,https://www.cian.ru/zastroishchik-sz-vesta-stroi-17650/,2 дома в 1 ЖК
831,,https://www.cian.ru/zastroishchik-stroitelno-investitsionnaia-firma-stroitek-11058/,4 дома в 1 ЖК
832,,https://www.cian.ru/zastroishchik-asko-10038/,6 домов в 2 ЖК
833,,https://www.cian.ru/zastroishchik-fort-kapital-grup-10044/,14 домов в 1 ЖК
834,,https://www.cian.ru/zastroishchik-stroielitproekt-10045/,1 дом в 1 ЖК
835,,https://www.cian.ru/zastroishchik-manitek-10046/,1 дом в 1 ЖК
836,,https://www.cian.ru/zastroishchik-prioritet-14249/,1 дом в 1 ЖК
837,,https://www.cian.ru/zastroishchik-okhra-9748/,4 дома в 1 ЖК
838,,https://www.cian.ru/zastroishchik-starkos-a-9758/,1 дом в 1 ЖК
839,,https://www.cian.ru/zastroishchik-stroiinvest-m-9761/,2 дома в 1 ЖК
840,,https://www.cian.ru/zastroishchik-korporatsiia-razvitiia-territorii-8655/,1 дом в 1 ЖК
841,,https://www.cian.ru/zastroishchik-ooo-ksar-servis-19443/,1 дом в 1 ЖК
842,,https://www.cian.ru/zastroishchik-stroiliuks-7934/,28 домов в 1 ЖК
843,,https://www.cian.ru/zastroishchik-finanskonsalt-8003/,1 дом в 1 ЖК
844,,https://www.cian.ru/zastroishchik-vertikal-12227/,2 дома в 1 ЖК
845,,https://www.cian.ru/zastroishchik-gk-elitstroi-zhukovskii-12800/,1 дом в 1 ЖК
846,,https://www.cian.ru/zastroishchik-perspektiva-7754/,3 дома в 1 ЖК
847,,https://www.cian.ru/zastroishchik-ringo-treid-9053/,1 дом в 1 ЖК
848,,https://www.cian.ru/zastroishchik-sz-mosstroisnab-17878/,5 домов в 1 ЖК
849,,https://www.cian.ru/zastroishchik-sz-nedvizhimost-19237/,1 дом в 1 ЖК
850,,https://www.cian.ru/zastroishchik-kraneka-8597/,1 дом в 1 ЖК
851,,https://www.cian.ru/zastroishchik-nord-vei-8606/,2 дома в 1 ЖК
852,,https://www.cian.ru/zastroishchik-finansovyi-ipotechnyi-tsentr-8688/,1 дом в 1 ЖК
853,,https://www.cian.ru/zastroishchik-ooo-zhilstroi-19356/,1 дом в 1 ЖК
854,,https://www.cian.ru/zastroishchik-finansovo-promyshlennyi-alians-10912/,5 домов в 1 ЖК
855,,https://www.cian.ru/zastroishchik-delta-16778/,1 дом в 1 ЖК
856,,https://www.cian.ru/zastroishchik-interstroiservis-m-14282/,2 дома в 2 ЖК
857,,https://www.cian.ru/zastroishchik-avtoevroservis-m-9878/,2 дома в 1 ЖК
858,,https://www.cian.ru/zastroishchik-gk-restr-9881/,1 дом в 1 ЖК
859,,https://www.cian.ru/zastroishchik-avtokombinat-32-15850/,2 дома в 1 ЖК
860,,https://www.cian.ru/zastroishchik-vita-real-esteit-esset-menedzhment-14578/,4 дома в 1 ЖК
861,,https://www.cian.ru/zastroishchik-dvk-nedvizhimost-10172/,1 дом в 1 ЖК
862,,https://www.cian.ru/zastroishchik-okhra-9748/,4 дома в 1 ЖК
863,,https://www.cian.ru/zastroishchik-starkos-a-9758/,1 дом в 1 ЖК
864,,https://www.cian.ru/zastroishchik-stroiinvest-m-9761/,2 дома в 1 ЖК
865,,https://www.cian.ru/zastroishchik-tk-mir-10162/,1 дом в 1 ЖК
866,,https://www.cian.ru/zastroishchik-arvida-7141/,4 дома в 1 ЖК
867,,https://www.cian.ru/zastroishchik-korund-xxi-7658/,5 домов в 1 ЖК
868,,https://www.cian.ru/zastroishchik-madrigal-7676/,1 дом в 1 ЖК
869,,https://www.cian.ru/zastroishchik-investstroi-moskva-9990/,2 дома в 1 ЖК
870,,https://www.cian.ru/zastroishchik-dreznastroi-9992/,2 дома в 2 ЖК
871,,https://www.cian.ru/zastroishchik-kvartal-servis-8180/,3 дома в 1 ЖК
872,,https://www.cian.ru/zastroishchik-port-siti-10931/,4 дома в 1 ЖК
873,,https://www.cian.ru/zastroishchik-shanszhilstroi-10453/,1 дом в 1 ЖК
874,,https://www.cian.ru/zastroishchik-sz-mosstroisnab-17878/,5 домов в 1 ЖК
875,,https://www.cian.ru/zastroishchik-sz-nedvizhimost-19237/,1 дом в 1 ЖК
876,,https://www.cian.ru/zastroishchik-kolizei-investitsii-v-nedvizhimost-8436/,1 дом в 1 ЖК
877,,https://www.cian.ru/zastroishchik-kraneka-8597/,1 дом в 1 ЖК
878,,https://www.cian.ru/zastroishchik-nord-vei-8606/,2 дома в 1 ЖК
879,,https://www.cian.ru/zastroishchik-finansovyi-ipotechnyi-tsentr-8688/,1 дом в 1 ЖК
880,,https://www.cian.ru/zastroishchik-dreznastroi-9992/,2 дома в 2 ЖК
881,,https://www.cian.ru/zastroishchik-kvartal-servis-8180/,3 дома в 1 ЖК
882,,https://www.cian.ru/zastroishchik-ksk-rost-9986/,1 дом в 1 ЖК
883,,https://www.cian.ru/zastroishchik-glavmosoblstroi-tekhno-17934/,2 дома в 1 ЖК
884,,https://www.cian.ru/zastroishchik-prestizhgarant-7753/,1 дом в 1 ЖК
885,,https://www.cian.ru/zastroishchik-zhsk-bulvar-matrosa-zhelezniaka-11-15112/,1 дом в 1 ЖК
886,,https://www.cian.ru/zastroishchik-sz-iuniks-17690/,1 дом в 1 ЖК
887,,https://www.cian.ru/zastroishchik-russkii-dom-nedvizhimosti-isk-14501/,1 дом в 1 ЖК
888,,https://www.cian.ru/zastroishchik-finalians-14540/,1 дом в 1 ЖК
889,,https://www.cian.ru/zastroishchik-stroigrupp-8443/,3 дома в 3 ЖК
890,,https://www.cian.ru/zastroishchik-perspektiva-7754/,3 дома в 1 ЖК
891,,https://www.cian.ru/zastroishchik-ringo-treid-9053/,1 дом в 1 ЖК
892,,https://www.cian.ru/zastroishchik-sz-mosstroisnab-17878/,5 домов в 1 ЖК
893,,https://www.cian.ru/zastroishchik-liga-prav-14516/,1 дом в 1 ЖК
894,,https://www.cian.ru/zastroishchik-suikholding-14520/,1 дом в 1 ЖК
895,,https://www.cian.ru/zastroishchik-kars-invest-6897/,1 дом в 1 ЖК
896,,https://www.cian.ru/zastroishchik-ip-smirnov-a-a-15656/,1 дом в 1 ЖК
897,,https://www.cian.ru/zastroishchik-rosstek-11480/,1 дом в 1 ЖК
898,,https://www.cian.ru/zastroishchik-ip-korsakov-oleg-olegovich-15693/,1 дом в 1 ЖК
899,,https://www.cian.ru/zastroishchik-iakht-farm-16335/,1 дом в 1 ЖК
900,,https://www.cian.ru/zastroishchik-sz-shef-inzhener-18585/,1 дом в 1 ЖК
901,,https://www.cian.ru/zastroishchik-kompaniia-elkon-17202/,1 дом в 1 ЖК
902,,https://www.cian.ru/zastroishchik-servisstroi-7845/,2 дома в 1 ЖК
903,,https://www.cian.ru/zastroishchik-smu-78-7846/,1 дом в 1 ЖК
904,,https://www.cian.ru/zastroishchik-iubilei-8570/,1 дом в 1 ЖК
905,,https://www.cian.ru/zastroishchik-briusov-esteit-15317/,1 дом в 1 ЖК
906,,https://www.cian.ru/zastroishchik-dolgoprudnenskoe-upravlenie-kapitalnogo-stroitelstva-9856/,8 домов в 1 ЖК
907,,https://www.cian.ru/zastroishchik-gk-ndk-9857/,8 домов в 1 ЖК
908,,https://www.cian.ru/zastroishchik-glavmosoblstroi-tekhno-17934/,2 дома в 1 ЖК
909,,https://www.cian.ru/zastroishchik-prestizhgarant-7753/,1 дом в 1 ЖК
910,,https://www.cian.ru/zastroishchik-vesso-link-8224/,1 дом в 1 ЖК
911,,https://www.cian.ru/zastroishchik-sz-karavella-19247/,10 домов в 1 ЖК
912,,https://www.cian.ru/zastroishchik-moskovskii-fond-zashchity-prav-dolshchikov-17412/,9 домов в 2 ЖК
913,,https://www.cian.ru/zastroishchik-uz-nord-inzhiniring-8866/,1 дом в 1 ЖК
914,,https://www.cian.ru/zastroishchik-ulitsa-dmitrievskogo-tpu-14499/,2 дома в 1 ЖК
915,,https://www.cian.ru/zastroishchik-gk-avangard-konsalting-10050/,1 дом в 1 ЖК
916,,https://www.cian.ru/zastroishchik-klinika-dentalnoi-kosmetiki-17817/,1 дом в 1 ЖК
917,,https://www.cian.ru/zastroishchik-zhsk-aviator-17602/,1 дом в 1 ЖК
918,,https://www.cian.ru/zastroishchik-regionalnaia-finansovo-stroitelnaia-kompaniia-17476/,1 дом в 1 ЖК
919,,https://www.cian.ru/zastroishchik-mosoblstroi-11-14714/,1 дом в 1 ЖК
920,,https://www.cian.ru/zastroishchik-sz-stroimaks-19214/,3 дома в 1 ЖК
921,,https://www.cian.ru/zastroishchik-gradstroi-kurovo-14719/,1 дом в 1 ЖК
922,,https://www.cian.ru/zastroishchik-phoenix-15528/,1 дом в 1 ЖК
923,,https://www.cian.ru/zastroishchik-iubilei-8570/,1 дом в 1 ЖК
924,,https://www.cian.ru/zastroishchik-briusov-esteit-15317/,1 дом в 1 ЖК
925,,https://www.cian.ru/zastroishchik-seu-tis-7793/,5 домов в 5 ЖК
926,,https://www.cian.ru/zastroishchik-sz-pds-grupp-18047/,1 дом в 1 ЖК
927,,https://www.cian.ru/zastroishchik-agrozem-10124/,1 дом в 1 ЖК
928,,https://www.cian.ru/zastroishchik-klinika-dentalnoi-kosmetiki-17817/,1 дом в 1 ЖК
929,,https://www.cian.ru/zastroishchik-ooo-sz-rd-liubertsy-16266/,1 дом в 1 ЖК
930,,https://www.cian.ru/zastroishchik-gk-dvina-11167/,1 дом в 1 ЖК
931,,https://www.cian.ru/zastroishchik-gk-soiuz-invest-14606/,1 дом в 1 ЖК
932,,https://www.cian.ru/zastroishchik-zagorodnyi-dom-16665/,3 дома в 1 ЖК
933,,https://www.cian.ru/zastroishchik-vemz-esteit-19419/,1 дом в 1 ЖК
934,,https://www.cian.ru/zastroishchik-ip-kapustin-a-e-9792/,5 домов в 2 ЖК
935,,https://www.cian.ru/zastroishchik-seu-tis-7793/,5 домов в 5 ЖК
936,,https://www.cian.ru/zastroishchik-sz-pds-grupp-18047/,1 дом в 1 ЖК
937,,https://www.cian.ru/zastroishchik-agrozem-10124/,1 дом в 1 ЖК
938,,https://www.cian.ru/zastroishchik-klinika-dentalnoi-kosmetiki-17817/,1 дом в 1 ЖК
939,,https://www.cian.ru/zastroishchik-ooo-sz-rd-liubertsy-16266/,1 дом в 1 ЖК
940,,https://www.cian.ru/zastroishchik-investstroikom-9926/,1 дом в 1 ЖК
941,,https://www.cian.ru/zastroishchik-gk-mfk-varvarka-14-str-12-17346/,1 дом в 1 ЖК
942,,https://www.cian.ru/zastroishchik-vega-18517/,1 дом в 1 ЖК
943,,https://www.cian.ru/zastroishchik-gk-stilobat-16595/,1 дом в 1 ЖК
944,,https://www.cian.ru/zastroishchik-sz-ekovest-18108/,4 дома в 1 ЖК
945,,https://www.cian.ru/zastroishchik-sz-avangard-18495/,1 дом в 1 ЖК
946,,https://www.cian.ru/zastroishchik-ip-bukhalovskii-o-v-14588/,1 дом в 1 ЖК
947,,https://www.cian.ru/zastroishchik-zhsk-izmailovskii-proezd-22-1-15113/,1 дом в 1 ЖК
948,,https://www.cian.ru/zastroishchik-brekhovo-1-10908/,6 домов в 1 ЖК
949,,https://www.cian.ru/zastroishchik-zhsk-alfa-14575/,2 дома в 1 ЖК
